2026-06-04 21:03:39 [http-nio-8080-exec-9] INFO  com.example.innowisefourthproject.controller.Controller - Command from request: delete_item
2026-06-04 21:03:39 [http-nio-8080-exec-9] INFO  com.example.innowisefourthproject.controller.Controller - Command class: DeleteItemCommand
2026-06-04 21:03:39 [http-nio-8080-exec-9] INFO  com.example.innowisefourthproject.dao.impl.ItemDaoImpl - Deleting item with id 5
2026-06-04 21:04:05 [http-nio-8080-exec-1] INFO  com.example.innowisefourthproject.controller.Controller - Command from request: update_item
2026-06-04 21:04:05 [http-nio-8080-exec-1] INFO  com.example.innowisefourthproject.controller.Controller - Command class: UpdateItemCommand
2026-06-04 21:04:05 [http-nio-8080-exec-1] INFO  com.example.innowisefourthproject.dao.impl.ItemDaoImpl - Updating item with id: 4
2026-06-04 21:04:05 [http-nio-8080-exec-1] INFO  com.example.innowisefourthproject.dao.impl.ItemDaoImpl - Find all item from db
2026-06-04 21:04:05 [http-nio-8080-exec-1] INFO  com.example.innowisefourthproject.dao.impl.ItemDaoImpl - Foud 5 items
2026-06-04 21:04:11 [http-nio-8080-exec-3] INFO  com.example.innowisefourthproject.controller.Controller - Command from request: show_items
2026-06-04 21:04:11 [http-nio-8080-exec-3] INFO  com.example.innowisefourthproject.controller.Controller - Command class: ShowItemsCommand
2026-06-04 21:04:11 [http-nio-8080-exec-3] INFO  com.example.innowisefourthproject.dao.impl.ItemDaoImpl - Find all item from db
2026-06-04 21:04:11 [http-nio-8080-exec-3] INFO  com.example.innowisefourthproject.dao.impl.ItemDaoImpl - Foud 5 items
2026-06-04 21:04:47 [http-nio-8080-exec-6] INFO  com.example.innowisefourthproject.controller.Controller - Command from request: open_edit_item_page
2026-06-04 21:04:47 [http-nio-8080-exec-6] INFO  com.example.innowisefourthproject.controller.Controller - Command class: OpenEditItemPageCommand
2026-06-04 21:04:57 [http-nio-8080-exec-7] INFO  com.example.innowisefourthproject.controller.Controller - Command from request: update_item
2026-06-04 21:04:57 [http-nio-8080-exec-7] INFO  com.example.innowisefourthproject.controller.Controller - Command class: UpdateItemCommand
2026-06-04 21:04:57 [http-nio-8080-exec-7] INFO  com.example.innowisefourthproject.dao.impl.ItemDaoImpl - Updating item with id: 1
2026-06-04 21:04:57 [http-nio-8080-exec-7] INFO  com.example.innowisefourthproject.dao.impl.ItemDaoImpl - Find all item from db
2026-06-04 21:04:57 [http-nio-8080-exec-7] INFO  com.example.innowisefourthproject.dao.impl.ItemDaoImpl - Foud 5 items
2026-06-04 21:06:14 [http-nio-8080-exec-10] INFO  com.example.innowisefourthproject.controller.Controller - Command from request: delete_item
2026-06-04 21:06:14 [http-nio-8080-exec-10] INFO  com.example.innowisefourthproject.controller.Controller - Command class: DeleteItemCommand
2026-06-04 21:06:14 [http-nio-8080-exec-10] INFO  com.example.innowisefourthproject.dao.impl.ItemDaoImpl - Deleting item with id 5
2026-06-04 21:08:02 [main] INFO  com.example.innowisefourthproject.pool.ConnectionPool - Connection pool was destroyed
2026-06-04 21:08:02 [main] INFO  com.example.innowisefourthproject.controller.Controller - Servlet destroyed: 
2026-06-04 21:08:02 [main] INFO  com.example.innowisefourthproject.listner.SessionCreateListenerImpl - ---------->  sessionDestroyed: 4A9CB064379F300F05128B1251EAB532
2026-06-04 21:08:02 [main] INFO  com.example.innowisefourthproject.listner.SessionCreateListenerImpl - ---------->  sessionDestroyed: BAEB8565ABBE0442DBE0410E201E12DD
2026-06-04 21:08:02 [main] INFO  com.example.innowisefourthproject.listner.ServletContextListenerImpl - --------contextInitialized : Apache Tomcat/10.1.55
2026-06-04 21:08:06 [RMI TCP Connection(2)-127.0.0.1] INFO  com.example.innowisefourthproject.listner.ServletContextListenerImpl - ++++++ contextInitialized : null
2026-06-04 21:08:07 [http-nio-8080-exec-1] INFO  com.example.innowisefourthproject.listner.SessionCreateListenerImpl - ---------->  sessionCreated: F446A341A356F22BA608E5AD9E80C52E
2026-06-04 21:08:07 [http-nio-8080-exec-5] INFO  com.example.innowisefourthproject.listner.SessionCreateListenerImpl - ---------->  sessionCreated: 483EA5F53362667FFD78D9CE27335610
2026-06-04 21:08:11 [http-nio-8080-exec-6] INFO  com.example.innowisefourthproject.controller.Controller - Servlet initialized: 
2026-06-04 21:08:12 [http-nio-8080-exec-6] INFO  com.example.innowisefourthproject.pool.ConnectionPool - Connection number 1 was created
2026-06-04 21:08:12 [http-nio-8080-exec-6] INFO  com.example.innowisefourthproject.pool.ConnectionPool - Connection number 2 was created
2026-06-04 21:08:12 [http-nio-8080-exec-6] INFO  com.example.innowisefourthproject.pool.ConnectionPool - Connection number 3 was created
2026-06-04 21:08:12 [http-nio-8080-exec-6] INFO  com.example.innowisefourthproject.pool.ConnectionPool - Connection number 4 was created
2026-06-04 21:08:12 [http-nio-8080-exec-6] INFO  com.example.innowisefourthproject.pool.ConnectionPool - Connection number 5 was created
2026-06-04 21:08:12 [http-nio-8080-exec-6] INFO  com.example.innowisefourthproject.pool.ConnectionPool - Connection number 6 was created
2026-06-04 21:08:12 [http-nio-8080-exec-6] INFO  com.example.innowisefourthproject.pool.ConnectionPool - Connection number 7 was created
2026-06-04 21:08:12 [http-nio-8080-exec-6] INFO  com.example.innowisefourthproject.pool.ConnectionPool - Connection number 8 was created
2026-06-04 21:08:12 [http-nio-8080-exec-6] INFO  com.example.innowisefourthproject.pool.ConnectionPool - Connection number 9 was created
2026-06-04 21:08:12 [http-nio-8080-exec-6] INFO  com.example.innowisefourthproject.pool.ConnectionPool - Connection number 10 was created
2026-06-04 21:08:12 [http-nio-8080-exec-6] INFO  com.example.innowisefourthproject.pool.ConnectionPool - Connection pool was initialized. Pool size: 10
2026-06-04 21:08:12 [http-nio-8080-exec-6] INFO  com.example.innowisefourthproject.controller.Controller - Command from request: login
2026-06-04 21:08:12 [http-nio-8080-exec-6] INFO  com.example.innowisefourthproject.controller.Controller - Command class: LoginCommand
2026-06-04 21:08:12 [http-nio-8080-exec-6] INFO  com.example.innowisefourthproject.dao.impl.UserDaoImpl - Find user by login: asd
2026-06-04 21:08:12 [http-nio-8080-exec-6] INFO  com.example.innowisefourthproject.listner.SessionAttributeListenerImpl - +++<<<------->  attributeAdded:null
2026-06-04 21:08:12 [http-nio-8080-exec-6] INFO  com.example.innowisefourthproject.listner.SessionAttributeListenerImpl - +++<<<------->  attributeAdded:null
2026-06-04 21:08:12 [http-nio-8080-exec-6] INFO  com.example.innowisefourthproject.listner.SessionAttributeListenerImpl - +++<<<------->  attributeAdded:null
2026-06-04 21:08:12 [http-nio-8080-exec-6] INFO  com.example.innowisefourthproject.listner.SessionAttributeListenerImpl - +++<<<------->  attributeAdded:pages/main.jsp
2026-06-04 21:08:13 [http-nio-8080-exec-7] INFO  com.example.innowisefourthproject.controller.Controller - Command from request: show_items
2026-06-04 21:08:13 [http-nio-8080-exec-7] INFO  com.example.innowisefourthproject.controller.Controller - Command class: ShowItemsCommand
2026-06-04 21:08:13 [http-nio-8080-exec-7] INFO  com.example.innowisefourthproject.dao.impl.ItemDaoImpl - Find all item from db
2026-06-04 21:08:13 [http-nio-8080-exec-7] INFO  com.example.innowisefourthproject.dao.impl.ItemDaoImpl - Foud 5 items
2026-06-04 21:08:14 [http-nio-8080-exec-8] INFO  com.example.innowisefourthproject.controller.Controller - Command from request: delete_item
2026-06-04 21:08:14 [http-nio-8080-exec-8] INFO  com.example.innowisefourthproject.controller.Controller - Command class: DeleteItemCommand
2026-06-04 21:08:14 [http-nio-8080-exec-8] INFO  com.example.innowisefourthproject.dao.impl.ItemDaoImpl - Deleting item with id 5
2026-06-04 21:08:14 [http-nio-8080-exec-8] INFO  com.example.innowisefourthproject.dao.impl.ItemDaoImpl - Find all item from db
2026-06-04 21:08:14 [http-nio-8080-exec-8] INFO  com.example.innowisefourthproject.dao.impl.ItemDaoImpl - Foud 4 items
2026-06-04 21:08:23 [http-nio-8080-exec-10] INFO  com.example.innowisefourthproject.controller.Controller - Command from request: logout
2026-06-04 21:08:23 [http-nio-8080-exec-10] INFO  com.example.innowisefourthproject.controller.Controller - Command class: LogoutCommand
2026-06-04 21:08:23 [http-nio-8080-exec-10] INFO  com.example.innowisefourthproject.listner.SessionCreateListenerImpl - ---------->  sessionDestroyed: 483EA5F53362667FFD78D9CE27335610
2026-06-04 21:08:23 [http-nio-8080-exec-10] INFO  com.example.innowisefourthproject.listner.SessionCreateListenerImpl - ---------->  sessionCreated: 4219C08EE950D014991A9F01C5F664C0
2026-06-04 21:09:20 [http-nio-8080-exec-3] INFO  com.example.innowisefourthproject.controller.Controller - Command from request: login
2026-06-04 21:09:20 [http-nio-8080-exec-3] INFO  com.example.innowisefourthproject.controller.Controller - Command class: LoginCommand
2026-06-04 21:09:20 [http-nio-8080-exec-3] INFO  com.example.innowisefourthproject.dao.impl.UserDaoImpl - Find user by login: qwe
2026-06-04 21:09:20 [http-nio-8080-exec-3] INFO  com.example.innowisefourthproject.listner.SessionAttributeListenerImpl - +++<<<------->  attributeAdded:null
2026-06-04 21:09:20 [http-nio-8080-exec-3] INFO  com.example.innowisefourthproject.listner.SessionAttributeListenerImpl - +++<<<------->  attributeAdded:null
2026-06-04 21:09:20 [http-nio-8080-exec-3] INFO  com.example.innowisefourthproject.listner.SessionAttributeListenerImpl - +++<<<------->  attributeAdded:null
2026-06-04 21:09:20 [http-nio-8080-exec-3] INFO  com.example.innowisefourthproject.listner.SessionAttributeListenerImpl - +++<<<------->  attributeAdded:pages/main.jsp
2026-06-04 21:09:24 [http-nio-8080-exec-4] INFO  com.example.innowisefourthproject.controller.Controller - Command from request: show_items
2026-06-04 21:09:24 [http-nio-8080-exec-4] INFO  com.example.innowisefourthproject.controller.Controller - Command class: ShowItemsCommand
2026-06-04 21:09:24 [http-nio-8080-exec-4] INFO  com.example.innowisefourthproject.dao.impl.ItemDaoImpl - Find all item from db
2026-06-04 21:09:24 [http-nio-8080-exec-4] INFO  com.example.innowisefourthproject.dao.impl.ItemDaoImpl - Foud 4 items
2026-06-04 21:27:05 [main] INFO  com.example.innowisefourthproject.pool.ConnectionPool - Connection pool was destroyed
2026-06-04 21:27:05 [main] INFO  com.example.innowisefourthproject.controller.Controller - Servlet destroyed: 
2026-06-04 21:27:05 [main] INFO  com.example.innowisefourthproject.listner.SessionCreateListenerImpl - ---------->  sessionDestroyed: F446A341A356F22BA608E5AD9E80C52E
2026-06-04 21:27:05 [main] INFO  com.example.innowisefourthproject.listner.SessionCreateListenerImpl - ---------->  sessionDestroyed: 4219C08EE950D014991A9F01C5F664C0
2026-06-04 21:27:05 [main] INFO  com.example.innowisefourthproject.listner.ServletContextListenerImpl - --------contextInitialized : Apache Tomcat/10.1.55
2026-06-04 21:27:08 [RMI TCP Connection(2)-127.0.0.1] INFO  com.example.innowisefourthproject.listner.ServletContextListenerImpl - ++++++ contextInitialized : null
2026-06-04 21:27:08 [http-nio-8080-exec-1] INFO  com.example.innowisefourthproject.listner.SessionCreateListenerImpl - ---------->  sessionCreated: E0AA45D36FD192A82956AD5140934DAA
2026-06-04 21:27:09 [http-nio-8080-exec-4] INFO  com.example.innowisefourthproject.listner.SessionCreateListenerImpl - ---------->  sessionCreated: E18D3B51F57D713A752F4610D26018E7
2026-06-04 21:27:18 [http-nio-8080-exec-6] INFO  com.example.innowisefourthproject.controller.Controller - Servlet initialized: 
2026-06-04 21:27:18 [http-nio-8080-exec-6] INFO  com.example.innowisefourthproject.pool.ConnectionPool - Connection number 1 was created
2026-06-04 21:27:18 [http-nio-8080-exec-6] INFO  com.example.innowisefourthproject.pool.ConnectionPool - Connection number 2 was created
2026-06-04 21:27:18 [http-nio-8080-exec-6] INFO  com.example.innowisefourthproject.pool.ConnectionPool - Connection number 3 was created
2026-06-04 21:27:18 [http-nio-8080-exec-6] INFO  com.example.innowisefourthproject.pool.ConnectionPool - Connection number 4 was created
2026-06-04 21:27:18 [http-nio-8080-exec-6] INFO  com.example.innowisefourthproject.pool.ConnectionPool - Connection number 5 was created
2026-06-04 21:27:18 [http-nio-8080-exec-6] INFO  com.example.innowisefourthproject.pool.ConnectionPool - Connection number 6 was created
2026-06-04 21:27:18 [http-nio-8080-exec-6] INFO  com.example.innowisefourthproject.pool.ConnectionPool - Connection number 7 was created
2026-06-04 21:27:18 [http-nio-8080-exec-6] INFO  com.example.innowisefourthproject.pool.ConnectionPool - Connection number 8 was created
2026-06-04 21:27:18 [http-nio-8080-exec-6] INFO  com.example.innowisefourthproject.pool.ConnectionPool - Connection number 9 was created
2026-06-04 21:27:18 [http-nio-8080-exec-6] INFO  com.example.innowisefourthproject.pool.ConnectionPool - Connection number 10 was created
2026-06-04 21:27:18 [http-nio-8080-exec-6] INFO  com.example.innowisefourthproject.pool.ConnectionPool - Connection pool was initialized. Pool size: 10
2026-06-04 21:27:18 [http-nio-8080-exec-6] INFO  com.example.innowisefourthproject.controller.Controller - Command from request: add_user
2026-06-04 21:27:18 [http-nio-8080-exec-6] INFO  com.example.innowisefourthproject.controller.Controller - Command class: AddUserCommand
2026-06-04 21:27:18 [http-nio-8080-exec-6] INFO  com.example.innowisefourthproject.dao.impl.UserDaoImpl - Check user exists by login: qwe
2026-06-04 21:27:30 [http-nio-8080-exec-8] INFO  com.example.innowisefourthproject.controller.Controller - Command from request: add_user
2026-06-04 21:27:30 [http-nio-8080-exec-8] INFO  com.example.innowisefourthproject.controller.Controller - Command class: AddUserCommand
2026-06-04 21:27:30 [http-nio-8080-exec-8] INFO  com.example.innowisefourthproject.dao.impl.UserDaoImpl - Check user exists by login: qwer
2026-06-04 21:27:30 [http-nio-8080-exec-8] INFO  com.example.innowisefourthproject.dao.impl.UserDaoImpl - User DAO registration with login: qwer
2026-06-04 21:27:30 [http-nio-8080-exec-8] INFO  com.example.innowisefourthproject.dao.impl.UserDaoImpl - User insert result: true
2026-06-04 21:27:34 [http-nio-8080-exec-9] INFO  com.example.innowisefourthproject.controller.Controller - Command from request: login
2026-06-04 21:27:34 [http-nio-8080-exec-9] INFO  com.example.innowisefourthproject.controller.Controller - Command class: LoginCommand
2026-06-04 21:27:34 [http-nio-8080-exec-9] INFO  com.example.innowisefourthproject.dao.impl.UserDaoImpl - Find user by login: qwer
2026-06-04 21:27:34 [http-nio-8080-exec-9] INFO  com.example.innowisefourthproject.listner.SessionAttributeListenerImpl - +++<<<------->  attributeAdded:null
2026-06-04 21:27:34 [http-nio-8080-exec-9] INFO  com.example.innowisefourthproject.listner.SessionAttributeListenerImpl - +++<<<------->  attributeAdded:null
2026-06-04 21:27:34 [http-nio-8080-exec-9] INFO  com.example.innowisefourthproject.listner.SessionAttributeListenerImpl - +++<<<------->  attributeAdded:null
2026-06-04 21:27:34 [http-nio-8080-exec-9] INFO  com.example.innowisefourthproject.listner.SessionAttributeListenerImpl - +++<<<------->  attributeAdded:pages/main.jsp
2026-06-04 21:27:38 [http-nio-8080-exec-10] INFO  com.example.innowisefourthproject.controller.Controller - Command from request: logout
2026-06-04 21:27:38 [http-nio-8080-exec-10] INFO  com.example.innowisefourthproject.controller.Controller - Command class: LogoutCommand
2026-06-04 21:27:38 [http-nio-8080-exec-10] INFO  com.example.innowisefourthproject.listner.SessionCreateListenerImpl - ---------->  sessionDestroyed: E18D3B51F57D713A752F4610D26018E7
2026-06-04 21:27:38 [http-nio-8080-exec-10] INFO  com.example.innowisefourthproject.listner.SessionCreateListenerImpl - ---------->  sessionCreated: AD60D3E722E731213277A2611200D32C
2026-06-04 21:27:58 [main] INFO  com.example.innowisefourthproject.pool.ConnectionPool - Connection pool was destroyed
2026-06-04 21:27:58 [main] INFO  com.example.innowisefourthproject.controller.Controller - Servlet destroyed: 
2026-06-04 21:27:58 [main] INFO  com.example.innowisefourthproject.listner.SessionCreateListenerImpl - ---------->  sessionDestroyed: E0AA45D36FD192A82956AD5140934DAA
2026-06-04 21:27:58 [main] INFO  com.example.innowisefourthproject.listner.SessionCreateListenerImpl - ---------->  sessionDestroyed: AD60D3E722E731213277A2611200D32C
2026-06-04 21:27:58 [main] INFO  com.example.innowisefourthproject.listner.ServletContextListenerImpl - --------contextInitialized : Apache Tomcat/10.1.55
2026-06-04 21:28:00 [RMI TCP Connection(2)-127.0.0.1] INFO  com.example.innowisefourthproject.listner.ServletContextListenerImpl - ++++++ contextInitialized : null
2026-06-04 21:28:01 [http-nio-8080-exec-1] INFO  com.example.innowisefourthproject.listner.SessionCreateListenerImpl - ---------->  sessionCreated: E04E7C6863C2B3662FE507A541AF1ACA
2026-06-04 21:28:01 [http-nio-8080-exec-4] INFO  com.example.innowisefourthproject.listner.SessionCreateListenerImpl - ---------->  sessionCreated: 11DECBD9CA8BA02EE66DB4883A3DF3B0
2026-06-04 21:28:08 [http-nio-8080-exec-5] INFO  com.example.innowisefourthproject.controller.Controller - Servlet initialized: 
2026-06-04 21:28:08 [http-nio-8080-exec-5] INFO  com.example.innowisefourthproject.pool.ConnectionPool - Connection number 1 was created
2026-06-04 21:28:08 [http-nio-8080-exec-5] INFO  com.example.innowisefourthproject.pool.ConnectionPool - Connection number 2 was created
2026-06-04 21:28:08 [http-nio-8080-exec-5] INFO  com.example.innowisefourthproject.pool.ConnectionPool - Connection number 3 was created
2026-06-04 21:28:08 [http-nio-8080-exec-5] INFO  com.example.innowisefourthproject.pool.ConnectionPool - Connection number 4 was created
2026-06-04 21:28:08 [http-nio-8080-exec-5] INFO  com.example.innowisefourthproject.pool.ConnectionPool - Connection number 5 was created
2026-06-04 21:28:08 [http-nio-8080-exec-5] INFO  com.example.innowisefourthproject.pool.ConnectionPool - Connection number 6 was created
2026-06-04 21:28:08 [http-nio-8080-exec-5] INFO  com.example.innowisefourthproject.pool.ConnectionPool - Connection number 7 was created
2026-06-04 21:28:08 [http-nio-8080-exec-5] INFO  com.example.innowisefourthproject.pool.ConnectionPool - Connection number 8 was created
2026-06-04 21:28:08 [http-nio-8080-exec-5] INFO  com.example.innowisefourthproject.pool.ConnectionPool - Connection number 9 was created
2026-06-04 21:28:08 [http-nio-8080-exec-5] INFO  com.example.innowisefourthproject.pool.ConnectionPool - Connection number 10 was created
2026-06-04 21:28:08 [http-nio-8080-exec-5] INFO  com.example.innowisefourthproject.pool.ConnectionPool - Connection pool was initialized. Pool size: 10
2026-06-04 21:28:08 [http-nio-8080-exec-5] INFO  com.example.innowisefourthproject.controller.Controller - Command from request: login
2026-06-04 21:28:08 [http-nio-8080-exec-5] INFO  com.example.innowisefourthproject.controller.Controller - Command class: LoginCommand
2026-06-04 21:28:08 [http-nio-8080-exec-5] INFO  com.example.innowisefourthproject.dao.impl.UserDaoImpl - Find user by login: QWE
2026-06-04 21:28:08 [http-nio-8080-exec-5] INFO  com.example.innowisefourthproject.listner.SessionAttributeListenerImpl - +++<<<------->  attributeAdded:null
2026-06-04 21:28:08 [http-nio-8080-exec-5] INFO  com.example.innowisefourthproject.listner.SessionAttributeListenerImpl - +++<<<------->  attributeAdded:index.jsp
2026-06-04 21:28:15 [http-nio-8080-exec-6] INFO  com.example.innowisefourthproject.controller.Controller - Command from request: login
2026-06-04 21:28:15 [http-nio-8080-exec-6] INFO  com.example.innowisefourthproject.controller.Controller - Command class: LoginCommand
2026-06-04 21:28:15 [http-nio-8080-exec-6] INFO  com.example.innowisefourthproject.dao.impl.UserDaoImpl - Find user by login: qwe
2026-06-04 21:28:15 [http-nio-8080-exec-6] INFO  com.example.innowisefourthproject.listner.SessionAttributeListenerImpl - +++<<<------->  attributeAdded:null
2026-06-04 21:28:15 [http-nio-8080-exec-6] INFO  com.example.innowisefourthproject.listner.SessionAttributeListenerImpl - +++<<<------->  attributeAdded:index.jsp
2026-06-04 21:28:15 [http-nio-8080-exec-6] INFO  com.example.innowisefourthproject.listner.SessionAttributeListenerImpl - ###<<<------->  attributeReplaced:null
2026-06-04 21:28:15 [http-nio-8080-exec-6] INFO  com.example.innowisefourthproject.listner.SessionAttributeListenerImpl - ###<<<------->  attributeReplaced:pages/main.jsp
2026-06-04 21:28:16 [http-nio-8080-exec-7] INFO  com.example.innowisefourthproject.controller.Controller - Command from request: show_items
2026-06-04 21:28:16 [http-nio-8080-exec-7] INFO  com.example.innowisefourthproject.controller.Controller - Command class: ShowItemsCommand
2026-06-04 21:28:16 [http-nio-8080-exec-7] INFO  com.example.innowisefourthproject.dao.impl.ItemDaoImpl - Find all item from db
2026-06-04 21:28:16 [http-nio-8080-exec-7] INFO  com.example.innowisefourthproject.dao.impl.ItemDaoImpl - Foud 4 items
2026-06-04 21:28:19 [http-nio-8080-exec-8] INFO  com.example.innowisefourthproject.controller.Controller - Command from request: open_edit_item_page
2026-06-04 21:28:19 [http-nio-8080-exec-8] INFO  com.example.innowisefourthproject.controller.Controller - Command class: OpenEditItemPageCommand
2026-06-04 21:28:19 [http-nio-8080-exec-8] INFO  com.example.innowisefourthproject.dao.impl.ItemDaoImpl - Find all item from db
2026-06-04 21:28:19 [http-nio-8080-exec-8] INFO  com.example.innowisefourthproject.dao.impl.ItemDaoImpl - Foud 4 items
2026-06-04 21:28:24 [http-nio-8080-exec-1] INFO  com.example.innowisefourthproject.controller.Controller - Command from request: logout
2026-06-04 21:28:24 [http-nio-8080-exec-1] INFO  com.example.innowisefourthproject.controller.Controller - Command class: LogoutCommand
2026-06-04 21:28:24 [http-nio-8080-exec-1] INFO  com.example.innowisefourthproject.listner.SessionCreateListenerImpl - ---------->  sessionDestroyed: 11DECBD9CA8BA02EE66DB4883A3DF3B0
2026-06-04 21:28:24 [http-nio-8080-exec-1] INFO  com.example.innowisefourthproject.listner.SessionCreateListenerImpl - ---------->  sessionCreated: C901B1100AC77122F10A71E6794095D6
2026-06-04 21:28:27 [http-nio-8080-exec-2] INFO  com.example.innowisefourthproject.controller.Controller - Command from request: login
2026-06-04 21:28:27 [http-nio-8080-exec-2] INFO  com.example.innowisefourthproject.controller.Controller - Command class: LoginCommand
2026-06-04 21:28:27 [http-nio-8080-exec-2] INFO  com.example.innowisefourthproject.dao.impl.UserDaoImpl - Find user by login: qwer
2026-06-04 21:28:27 [http-nio-8080-exec-2] INFO  com.example.innowisefourthproject.listner.SessionAttributeListenerImpl - +++<<<------->  attributeAdded:null
2026-06-04 21:28:27 [http-nio-8080-exec-2] INFO  com.example.innowisefourthproject.listner.SessionAttributeListenerImpl - +++<<<------->  attributeAdded:null
2026-06-04 21:28:27 [http-nio-8080-exec-2] INFO  com.example.innowisefourthproject.listner.SessionAttributeListenerImpl - +++<<<------->  attributeAdded:null
2026-06-04 21:28:27 [http-nio-8080-exec-2] INFO  com.example.innowisefourthproject.listner.SessionAttributeListenerImpl - +++<<<------->  attributeAdded:pages/main.jsp
2026-06-04 21:28:29 [http-nio-8080-exec-3] INFO  com.example.innowisefourthproject.controller.Controller - Command from request: show_items
2026-06-04 21:28:29 [http-nio-8080-exec-3] INFO  com.example.innowisefourthproject.controller.Controller - Command class: ShowItemsCommand
2026-06-04 21:28:29 [http-nio-8080-exec-3] INFO  com.example.innowisefourthproject.dao.impl.ItemDaoImpl - Find all item from db
2026-06-04 21:28:29 [http-nio-8080-exec-3] INFO  com.example.innowisefourthproject.dao.impl.ItemDaoImpl - Foud 4 items
2026-06-04 21:28:31 [http-nio-8080-exec-4] INFO  com.example.innowisefourthproject.controller.Controller - Command from request: open_edit_item_page
2026-06-04 21:28:31 [http-nio-8080-exec-4] INFO  com.example.innowisefourthproject.controller.Controller - Command class: OpenEditItemPageCommand
2026-06-04 21:54:44 [main] INFO  com.example.innowisefourthproject.pool.ConnectionPool - Connection pool was destroyed
2026-06-04 21:54:44 [main] INFO  com.example.innowisefourthproject.controller.Controller - Servlet destroyed: 
2026-06-04 21:54:44 [main] INFO  com.example.innowisefourthproject.listner.SessionCreateListenerImpl - ---------->  sessionDestroyed: E04E7C6863C2B3662FE507A541AF1ACA
2026-06-04 21:54:44 [main] INFO  com.example.innowisefourthproject.listner.SessionCreateListenerImpl - ---------->  sessionDestroyed: C901B1100AC77122F10A71E6794095D6
2026-06-04 21:54:44 [main] INFO  com.example.innowisefourthproject.listner.ServletContextListenerImpl - --------contextInitialized : Apache Tomcat/10.1.55
2026-06-05 00:26:05 [RMI TCP Connection(2)-127.0.0.1] INFO  com.example.innowisefourthproject.listner.ServletContextListenerImpl - ++++++ contextInitialized : null
2026-06-05 00:26:06 [http-nio-8080-exec-1] INFO  com.example.innowisefourthproject.listner.SessionCreateListenerImpl - ---------->  sessionCreated: 334EDE9068B6CD825AA98C162DAEF9C4
2026-06-05 00:26:06 [http-nio-8080-exec-4] INFO  com.example.innowisefourthproject.listner.SessionCreateListenerImpl - ---------->  sessionCreated: 2324739FEBB23C69083ECB9FA1138615
2026-06-05 00:26:28 [http-nio-8080-exec-7] INFO  com.example.innowisefourthproject.controller.Controller - Servlet initialized: 
2026-06-05 00:26:28 [http-nio-8080-exec-7] INFO  com.example.innowisefourthproject.pool.ConnectionPool - Connection number 1 was created
2026-06-05 00:26:28 [http-nio-8080-exec-7] INFO  com.example.innowisefourthproject.pool.ConnectionPool - Connection number 2 was created
2026-06-05 00:26:28 [http-nio-8080-exec-7] INFO  com.example.innowisefourthproject.pool.ConnectionPool - Connection number 3 was created
2026-06-05 00:26:28 [http-nio-8080-exec-7] INFO  com.example.innowisefourthproject.pool.ConnectionPool - Connection number 4 was created
2026-06-05 00:26:28 [http-nio-8080-exec-7] INFO  com.example.innowisefourthproject.pool.ConnectionPool - Connection number 5 was created
2026-06-05 00:26:28 [http-nio-8080-exec-7] INFO  com.example.innowisefourthproject.pool.ConnectionPool - Connection number 6 was created
2026-06-05 00:26:28 [http-nio-8080-exec-7] INFO  com.example.innowisefourthproject.pool.ConnectionPool - Connection number 7 was created
2026-06-05 00:26:28 [http-nio-8080-exec-7] INFO  com.example.innowisefourthproject.pool.ConnectionPool - Connection number 8 was created
2026-06-05 00:26:28 [http-nio-8080-exec-7] INFO  com.example.innowisefourthproject.pool.ConnectionPool - Connection number 9 was created
2026-06-05 00:26:28 [http-nio-8080-exec-7] INFO  com.example.innowisefourthproject.pool.ConnectionPool - Connection number 10 was created
2026-06-05 00:26:28 [http-nio-8080-exec-7] INFO  com.example.innowisefourthproject.pool.ConnectionPool - Connection pool was initialized. Pool size: 10
2026-06-05 00:26:28 [http-nio-8080-exec-7] INFO  com.example.innowisefourthproject.controller.Controller - Command from request: login
2026-06-05 00:26:28 [http-nio-8080-exec-7] INFO  com.example.innowisefourthproject.controller.Controller - Command class: LoginCommand
2026-06-05 00:26:28 [http-nio-8080-exec-7] INFO  com.example.innowisefourthproject.dao.impl.UserDaoImpl - Find user by login: qwe
2026-06-05 00:26:28 [http-nio-8080-exec-7] INFO  com.example.innowisefourthproject.listner.SessionAttributeListenerImpl - +++<<<------->  attributeAdded:null
2026-06-05 00:26:28 [http-nio-8080-exec-7] INFO  com.example.innowisefourthproject.listner.SessionAttributeListenerImpl - +++<<<------->  attributeAdded:null
2026-06-05 00:26:28 [http-nio-8080-exec-7] INFO  com.example.innowisefourthproject.listner.SessionAttributeListenerImpl - +++<<<------->  attributeAdded:null
2026-06-05 00:26:28 [http-nio-8080-exec-7] INFO  com.example.innowisefourthproject.listner.SessionAttributeListenerImpl - +++<<<------->  attributeAdded:pages/main.jsp
2026-06-05 00:26:31 [http-nio-8080-exec-8] INFO  com.example.innowisefourthproject.controller.Controller - Command from request: show_items
2026-06-05 00:26:31 [http-nio-8080-exec-8] INFO  com.example.innowisefourthproject.controller.Controller - Command class: ShowItemsCommand
2026-06-05 00:26:31 [http-nio-8080-exec-8] INFO  com.example.innowisefourthproject.dao.impl.ItemDaoImpl - Find all item from db
2026-06-05 00:26:31 [http-nio-8080-exec-8] INFO  com.example.innowisefourthproject.dao.impl.ItemDaoImpl - Foud 4 items
2026-06-05 00:26:32 [http-nio-8080-exec-9] INFO  com.example.innowisefourthproject.controller.Controller - Command from request: delete_item
2026-06-05 00:26:32 [http-nio-8080-exec-9] INFO  com.example.innowisefourthproject.controller.Controller - Command class: DeleteItemCommand
2026-06-05 00:26:32 [http-nio-8080-exec-9] INFO  com.example.innowisefourthproject.dao.impl.ItemDaoImpl - Find all item from db
2026-06-05 00:26:32 [http-nio-8080-exec-9] INFO  com.example.innowisefourthproject.dao.impl.ItemDaoImpl - Foud 4 items
2026-06-05 00:26:33 [http-nio-8080-exec-10] INFO  com.example.innowisefourthproject.controller.Controller - Command from request: delete_item
2026-06-05 00:26:33 [http-nio-8080-exec-10] INFO  com.example.innowisefourthproject.controller.Controller - Command class: DeleteItemCommand
2026-06-05 00:26:33 [http-nio-8080-exec-10] INFO  com.example.innowisefourthproject.dao.impl.ItemDaoImpl - Find all item from db
2026-06-05 00:26:33 [http-nio-8080-exec-10] INFO  com.example.innowisefourthproject.dao.impl.ItemDaoImpl - Foud 4 items
2026-06-05 00:26:34 [http-nio-8080-exec-1] INFO  com.example.innowisefourthproject.controller.Controller - Command from request: open_edit_item_page
2026-06-05 00:26:34 [http-nio-8080-exec-1] INFO  com.example.innowisefourthproject.controller.Controller - Command class: OpenEditItemPageCommand
2026-06-05 00:26:34 [http-nio-8080-exec-1] INFO  com.example.innowisefourthproject.dao.impl.ItemDaoImpl - Find all item from db
2026-06-05 00:26:34 [http-nio-8080-exec-1] INFO  com.example.innowisefourthproject.dao.impl.ItemDaoImpl - Foud 4 items
2026-06-05 00:26:35 [http-nio-8080-exec-2] INFO  com.example.innowisefourthproject.controller.Controller - Command from request: open_edit_item_page
2026-06-05 00:26:35 [http-nio-8080-exec-2] INFO  com.example.innowisefourthproject.controller.Controller - Command class: OpenEditItemPageCommand
2026-06-05 00:26:35 [http-nio-8080-exec-2] INFO  com.example.innowisefourthproject.dao.impl.ItemDaoImpl - Find all item from db
2026-06-05 00:26:35 [http-nio-8080-exec-2] INFO  com.example.innowisefourthproject.dao.impl.ItemDaoImpl - Foud 4 items
2026-06-05 00:26:35 [http-nio-8080-exec-3] INFO  com.example.innowisefourthproject.controller.Controller - Command from request: open_edit_item_page
2026-06-05 00:26:35 [http-nio-8080-exec-3] INFO  com.example.innowisefourthproject.controller.Controller - Command class: OpenEditItemPageCommand
2026-06-05 00:26:35 [http-nio-8080-exec-3] INFO  com.example.innowisefourthproject.dao.impl.ItemDaoImpl - Find all item from db
2026-06-05 00:26:35 [http-nio-8080-exec-3] INFO  com.example.innowisefourthproject.dao.impl.ItemDaoImpl - Foud 4 items
2026-06-05 00:26:37 [http-nio-8080-exec-4] INFO  com.example.innowisefourthproject.controller.Controller - Command from request: open_add_item_page
2026-06-05 00:26:37 [http-nio-8080-exec-4] INFO  com.example.innowisefourthproject.controller.Controller - Command class: OpenAddItemPageCommand
2026-06-05 00:26:37 [http-nio-8080-exec-4] INFO  com.example.innowisefourthproject.dao.impl.ItemDaoImpl - Find all item from db
2026-06-05 00:26:37 [http-nio-8080-exec-4] INFO  com.example.innowisefourthproject.dao.impl.ItemDaoImpl - Foud 4 items
2026-06-05 00:26:38 [http-nio-8080-exec-6] INFO  com.example.innowisefourthproject.controller.Controller - Command from request: open_add_item_page
2026-06-05 00:26:38 [http-nio-8080-exec-6] INFO  com.example.innowisefourthproject.controller.Controller - Command class: OpenAddItemPageCommand
2026-06-05 00:26:38 [http-nio-8080-exec-6] INFO  com.example.innowisefourthproject.dao.impl.ItemDaoImpl - Find all item from db
2026-06-05 00:26:38 [http-nio-8080-exec-6] INFO  com.example.innowisefourthproject.dao.impl.ItemDaoImpl - Foud 4 items
2026-06-05 00:26:40 [http-nio-8080-exec-7] INFO  com.example.innowisefourthproject.controller.Controller - Command from request: logout
2026-06-05 00:26:40 [http-nio-8080-exec-7] INFO  com.example.innowisefourthproject.controller.Controller - Command class: LogoutCommand
2026-06-05 00:26:40 [http-nio-8080-exec-7] INFO  com.example.innowisefourthproject.listner.SessionCreateListenerImpl - ---------->  sessionDestroyed: 2324739FEBB23C69083ECB9FA1138615
2026-06-05 00:26:40 [http-nio-8080-exec-7] INFO  com.example.innowisefourthproject.listner.SessionCreateListenerImpl - ---------->  sessionCreated: 8BF5AE27FEEB5EF62971DF2F30C5FA6C
2026-06-05 00:26:47 [http-nio-8080-exec-8] INFO  com.example.innowisefourthproject.controller.Controller - Command from request: login
2026-06-05 00:26:47 [http-nio-8080-exec-8] INFO  com.example.innowisefourthproject.controller.Controller - Command class: LoginCommand
2026-06-05 00:26:47 [http-nio-8080-exec-8] INFO  com.example.innowisefourthproject.dao.impl.UserDaoImpl - Find user by login: qwer
2026-06-05 00:26:47 [http-nio-8080-exec-8] INFO  com.example.innowisefourthproject.listner.SessionAttributeListenerImpl - +++<<<------->  attributeAdded:null
2026-06-05 00:26:47 [http-nio-8080-exec-8] INFO  com.example.innowisefourthproject.listner.SessionAttributeListenerImpl - +++<<<------->  attributeAdded:null
2026-06-05 00:26:47 [http-nio-8080-exec-8] INFO  com.example.innowisefourthproject.listner.SessionAttributeListenerImpl - +++<<<------->  attributeAdded:null
2026-06-05 00:26:47 [http-nio-8080-exec-8] INFO  com.example.innowisefourthproject.listner.SessionAttributeListenerImpl - +++<<<------->  attributeAdded:pages/main.jsp
2026-06-05 00:26:50 [http-nio-8080-exec-10] INFO  com.example.innowisefourthproject.controller.Controller - Command from request: show_items
2026-06-05 00:26:50 [http-nio-8080-exec-10] INFO  com.example.innowisefourthproject.controller.Controller - Command class: ShowItemsCommand
2026-06-05 00:26:50 [http-nio-8080-exec-10] INFO  com.example.innowisefourthproject.dao.impl.ItemDaoImpl - Find all item from db
2026-06-05 00:26:50 [http-nio-8080-exec-10] INFO  com.example.innowisefourthproject.dao.impl.ItemDaoImpl - Foud 4 items
2026-06-05 00:26:56 [http-nio-8080-exec-1] INFO  com.example.innowisefourthproject.controller.Controller - Command from request: open_edit_item_page
2026-06-05 00:26:56 [http-nio-8080-exec-1] INFO  com.example.innowisefourthproject.controller.Controller - Command class: OpenEditItemPageCommand
2026-06-05 00:27:02 [http-nio-8080-exec-2] INFO  com.example.innowisefourthproject.controller.Controller - Command from request: update_item
2026-06-05 00:27:02 [http-nio-8080-exec-2] INFO  com.example.innowisefourthproject.controller.Controller - Command class: UpdateItemCommand
2026-06-05 00:27:02 [http-nio-8080-exec-2] INFO  com.example.innowisefourthproject.dao.impl.ItemDaoImpl - Updating item with id: 1
2026-06-05 00:27:02 [http-nio-8080-exec-2] INFO  com.example.innowisefourthproject.dao.impl.ItemDaoImpl - Find all item from db
2026-06-05 00:27:02 [http-nio-8080-exec-2] INFO  com.example.innowisefourthproject.dao.impl.ItemDaoImpl - Foud 4 items
2026-06-05 00:27:06 [http-nio-8080-exec-4] INFO  com.example.innowisefourthproject.controller.Controller - Command from request: logout
2026-06-05 00:27:06 [http-nio-8080-exec-4] INFO  com.example.innowisefourthproject.controller.Controller - Command class: LogoutCommand
2026-06-05 00:27:06 [http-nio-8080-exec-4] INFO  com.example.innowisefourthproject.listner.SessionCreateListenerImpl - ---------->  sessionDestroyed: 8BF5AE27FEEB5EF62971DF2F30C5FA6C
2026-06-05 00:27:06 [http-nio-8080-exec-4] INFO  com.example.innowisefourthproject.listner.SessionCreateListenerImpl - ---------->  sessionCreated: 7FFA8B6753AFB5C7E260A0EE7A991177
2026-06-05 00:29:04 [main] INFO  com.example.innowisefourthproject.pool.ConnectionPool - Connection pool was destroyed
2026-06-05 00:29:04 [main] INFO  com.example.innowisefourthproject.controller.Controller - Servlet destroyed: 
2026-06-05 00:29:04 [main] INFO  com.example.innowisefourthproject.listner.SessionCreateListenerImpl - ---------->  sessionDestroyed: 334EDE9068B6CD825AA98C162DAEF9C4
2026-06-05 00:29:04 [main] INFO  com.example.innowisefourthproject.listner.SessionCreateListenerImpl - ---------->  sessionDestroyed: 7FFA8B6753AFB5C7E260A0EE7A991177
2026-06-05 00:29:04 [main] INFO  com.example.innowisefourthproject.listner.ServletContextListenerImpl - --------contextInitialized : Apache Tomcat/10.1.55
2026-06-05 00:29:07 [RMI TCP Connection(2)-127.0.0.1] INFO  com.example.innowisefourthproject.listner.ServletContextListenerImpl - ++++++ contextInitialized : null
2026-06-05 00:29:08 [http-nio-8080-exec-1] INFO  com.example.innowisefourthproject.listner.SessionCreateListenerImpl - ---------->  sessionCreated: 18167FCD3ADD4A60A0872ED14CFFFBE8
2026-06-05 00:29:08 [http-nio-8080-exec-4] INFO  com.example.innowisefourthproject.listner.SessionCreateListenerImpl - ---------->  sessionCreated: 8D5827B85CCBD6C75919EBCF29C4331E
2026-06-05 00:29:14 [http-nio-8080-exec-5] INFO  com.example.innowisefourthproject.controller.Controller - Servlet initialized: 
2026-06-05 00:29:15 [http-nio-8080-exec-5] INFO  com.example.innowisefourthproject.pool.ConnectionPool - Connection number 1 was created
2026-06-05 00:29:15 [http-nio-8080-exec-5] INFO  com.example.innowisefourthproject.pool.ConnectionPool - Connection number 2 was created
2026-06-05 00:29:15 [http-nio-8080-exec-5] INFO  com.example.innowisefourthproject.pool.ConnectionPool - Connection number 3 was created
2026-06-05 00:29:15 [http-nio-8080-exec-5] INFO  com.example.innowisefourthproject.pool.ConnectionPool - Connection number 4 was created
2026-06-05 00:29:15 [http-nio-8080-exec-5] INFO  com.example.innowisefourthproject.pool.ConnectionPool - Connection number 5 was created
2026-06-05 00:29:15 [http-nio-8080-exec-5] INFO  com.example.innowisefourthproject.pool.ConnectionPool - Connection number 6 was created
2026-06-05 00:29:15 [http-nio-8080-exec-5] INFO  com.example.innowisefourthproject.pool.ConnectionPool - Connection number 7 was created
2026-06-05 00:29:15 [http-nio-8080-exec-5] INFO  com.example.innowisefourthproject.pool.ConnectionPool - Connection number 8 was created
2026-06-05 00:29:15 [http-nio-8080-exec-5] INFO  com.example.innowisefourthproject.pool.ConnectionPool - Connection number 9 was created
2026-06-05 00:29:15 [http-nio-8080-exec-5] INFO  com.example.innowisefourthproject.pool.ConnectionPool - Connection number 10 was created
2026-06-05 00:29:15 [http-nio-8080-exec-5] INFO  com.example.innowisefourthproject.pool.ConnectionPool - Connection pool was initialized. Pool size: 10
2026-06-05 00:29:15 [http-nio-8080-exec-5] INFO  com.example.innowisefourthproject.controller.Controller - Command from request: login
2026-06-05 00:29:15 [http-nio-8080-exec-5] INFO  com.example.innowisefourthproject.controller.Controller - Command class: LoginCommand
2026-06-05 00:29:15 [http-nio-8080-exec-5] INFO  com.example.innowisefourthproject.dao.impl.UserDaoImpl - Find user by login: qwe
2026-06-05 00:29:15 [http-nio-8080-exec-5] INFO  com.example.innowisefourthproject.listner.SessionAttributeListenerImpl - +++<<<------->  attributeAdded:null
2026-06-05 00:29:15 [http-nio-8080-exec-5] INFO  com.example.innowisefourthproject.listner.SessionAttributeListenerImpl - +++<<<------->  attributeAdded:null
2026-06-05 00:29:15 [http-nio-8080-exec-5] INFO  com.example.innowisefourthproject.listner.SessionAttributeListenerImpl - +++<<<------->  attributeAdded:null
2026-06-05 00:29:15 [http-nio-8080-exec-5] INFO  com.example.innowisefourthproject.listner.SessionAttributeListenerImpl - +++<<<------->  attributeAdded:pages/main.jsp
2026-06-05 00:29:16 [http-nio-8080-exec-6] INFO  com.example.innowisefourthproject.controller.Controller - Command from request: show_items
2026-06-05 00:29:16 [http-nio-8080-exec-6] INFO  com.example.innowisefourthproject.controller.Controller - Command class: ShowItemsCommand
2026-06-05 00:29:16 [http-nio-8080-exec-6] INFO  com.example.innowisefourthproject.dao.impl.ItemDaoImpl - Find all item from db
2026-06-05 00:29:16 [http-nio-8080-exec-6] INFO  com.example.innowisefourthproject.dao.impl.ItemDaoImpl - Foud 4 items
2026-06-05 00:29:46 [main] INFO  com.example.innowisefourthproject.pool.ConnectionPool - Connection pool was destroyed
2026-06-05 00:29:46 [main] INFO  com.example.innowisefourthproject.controller.Controller - Servlet destroyed: 
2026-06-05 00:29:46 [main] INFO  com.example.innowisefourthproject.listner.SessionCreateListenerImpl - ---------->  sessionDestroyed: 18167FCD3ADD4A60A0872ED14CFFFBE8
2026-06-05 00:29:46 [main] INFO  com.example.innowisefourthproject.listner.SessionCreateListenerImpl - ---------->  sessionDestroyed: 8D5827B85CCBD6C75919EBCF29C4331E
2026-06-05 00:29:46 [main] INFO  com.example.innowisefourthproject.listner.ServletContextListenerImpl - --------contextInitialized : Apache Tomcat/10.1.55
2026-06-05 00:30:00 [RMI TCP Connection(2)-127.0.0.1] INFO  com.example.innowisefourthproject.listner.ServletContextListenerImpl - ++++++ contextInitialized : null
2026-06-05 00:30:01 [http-nio-8080-exec-2] INFO  com.example.innowisefourthproject.listner.SessionCreateListenerImpl - ---------->  sessionCreated: 038A7AC6558C72997FAB725FB1575630
2026-06-05 00:30:01 [http-nio-8080-exec-1] INFO  com.example.innowisefourthproject.listner.SessionCreateListenerImpl - ---------->  sessionCreated: 8F89A50E5F637FA7229A8C5E63F0C910
2026-06-05 00:30:05 [http-nio-8080-exec-5] INFO  com.example.innowisefourthproject.controller.Controller - Servlet initialized: 
2026-06-05 00:30:05 [http-nio-8080-exec-5] INFO  com.example.innowisefourthproject.pool.ConnectionPool - Connection number 1 was created
2026-06-05 00:30:05 [http-nio-8080-exec-5] INFO  com.example.innowisefourthproject.pool.ConnectionPool - Connection number 2 was created
2026-06-05 00:30:05 [http-nio-8080-exec-5] INFO  com.example.innowisefourthproject.pool.ConnectionPool - Connection number 3 was created
2026-06-05 00:30:05 [http-nio-8080-exec-5] INFO  com.example.innowisefourthproject.pool.ConnectionPool - Connection number 4 was created
2026-06-05 00:30:05 [http-nio-8080-exec-5] INFO  com.example.innowisefourthproject.pool.ConnectionPool - Connection number 5 was created
2026-06-05 00:30:05 [http-nio-8080-exec-5] INFO  com.example.innowisefourthproject.pool.ConnectionPool - Connection number 6 was created
2026-06-05 00:30:05 [http-nio-8080-exec-5] INFO  com.example.innowisefourthproject.pool.ConnectionPool - Connection number 7 was created
2026-06-05 00:30:05 [http-nio-8080-exec-5] INFO  com.example.innowisefourthproject.pool.ConnectionPool - Connection number 8 was created
2026-06-05 00:30:05 [http-nio-8080-exec-5] INFO  com.example.innowisefourthproject.pool.ConnectionPool - Connection number 9 was created
2026-06-05 00:30:05 [http-nio-8080-exec-5] INFO  com.example.innowisefourthproject.pool.ConnectionPool - Connection number 10 was created
2026-06-05 00:30:05 [http-nio-8080-exec-5] INFO  com.example.innowisefourthproject.pool.ConnectionPool - Connection pool was initialized. Pool size: 10
2026-06-05 00:30:05 [http-nio-8080-exec-5] INFO  com.example.innowisefourthproject.controller.Controller - Command from request: login
2026-06-05 00:30:05 [http-nio-8080-exec-5] INFO  com.example.innowisefourthproject.controller.Controller - Command class: LoginCommand
2026-06-05 00:30:05 [http-nio-8080-exec-5] INFO  com.example.innowisefourthproject.dao.impl.UserDaoImpl - Find user by login: qwe
2026-06-05 00:30:05 [http-nio-8080-exec-5] INFO  com.example.innowisefourthproject.listner.SessionAttributeListenerImpl - +++<<<------->  attributeAdded:null
2026-06-05 00:30:05 [http-nio-8080-exec-5] INFO  com.example.innowisefourthproject.listner.SessionAttributeListenerImpl - +++<<<------->  attributeAdded:index.jsp
2026-06-05 00:30:07 [http-nio-8080-exec-6] INFO  com.example.innowisefourthproject.controller.Controller - Command from request: login
2026-06-05 00:30:07 [http-nio-8080-exec-6] INFO  com.example.innowisefourthproject.controller.Controller - Command class: LoginCommand
2026-06-05 00:30:07 [http-nio-8080-exec-6] INFO  com.example.innowisefourthproject.dao.impl.UserDaoImpl - Find user by login: qwe
2026-06-05 00:30:07 [http-nio-8080-exec-6] INFO  com.example.innowisefourthproject.listner.SessionAttributeListenerImpl - +++<<<------->  attributeAdded:null
2026-06-05 00:30:07 [http-nio-8080-exec-6] INFO  com.example.innowisefourthproject.listner.SessionAttributeListenerImpl - +++<<<------->  attributeAdded:index.jsp
2026-06-05 00:30:07 [http-nio-8080-exec-6] INFO  com.example.innowisefourthproject.listner.SessionAttributeListenerImpl - ###<<<------->  attributeReplaced:null
2026-06-05 00:30:07 [http-nio-8080-exec-6] INFO  com.example.innowisefourthproject.listner.SessionAttributeListenerImpl - ###<<<------->  attributeReplaced:pages/main.jsp
2026-06-05 00:30:08 [http-nio-8080-exec-7] INFO  com.example.innowisefourthproject.controller.Controller - Command from request: show_items
2026-06-05 00:30:08 [http-nio-8080-exec-7] INFO  com.example.innowisefourthproject.controller.Controller - Command class: ShowItemsCommand
2026-06-05 00:30:08 [http-nio-8080-exec-7] INFO  com.example.innowisefourthproject.dao.impl.ItemDaoImpl - Find all item from db
2026-06-05 00:30:08 [http-nio-8080-exec-7] INFO  com.example.innowisefourthproject.dao.impl.ItemDaoImpl - Foud 4 items
2026-06-05 00:31:11 [main] INFO  com.example.innowisefourthproject.pool.ConnectionPool - Connection pool was destroyed
2026-06-05 00:31:11 [main] INFO  com.example.innowisefourthproject.controller.Controller - Servlet destroyed: 
2026-06-05 00:31:11 [main] INFO  com.example.innowisefourthproject.listner.SessionCreateListenerImpl - ---------->  sessionDestroyed: 8F89A50E5F637FA7229A8C5E63F0C910
2026-06-05 00:31:11 [main] INFO  com.example.innowisefourthproject.listner.SessionCreateListenerImpl - ---------->  sessionDestroyed: 038A7AC6558C72997FAB725FB1575630
2026-06-05 00:31:11 [main] INFO  com.example.innowisefourthproject.listner.ServletContextListenerImpl - --------contextInitialized : Apache Tomcat/10.1.55
2026-06-05 00:31:16 [RMI TCP Connection(2)-127.0.0.1] INFO  com.example.innowisefourthproject.listner.ServletContextListenerImpl - ++++++ contextInitialized : null
2026-06-05 00:31:17 [http-nio-8080-exec-1] INFO  com.example.innowisefourthproject.listner.SessionCreateListenerImpl - ---------->  sessionCreated: 8538102DCBA479173CCDCA6F1156326C
2026-06-05 00:31:17 [http-nio-8080-exec-4] INFO  com.example.innowisefourthproject.listner.SessionCreateListenerImpl - ---------->  sessionCreated: B5CAEF58A699D292CAEFED568EC7BB9E
2026-06-05 00:31:20 [http-nio-8080-exec-5] INFO  com.example.innowisefourthproject.controller.Controller - Servlet initialized: 
2026-06-05 00:31:21 [http-nio-8080-exec-5] INFO  com.example.innowisefourthproject.pool.ConnectionPool - Connection number 1 was created
2026-06-05 00:31:21 [http-nio-8080-exec-5] INFO  com.example.innowisefourthproject.pool.ConnectionPool - Connection number 2 was created
2026-06-05 00:31:21 [http-nio-8080-exec-5] INFO  com.example.innowisefourthproject.pool.ConnectionPool - Connection number 3 was created
2026-06-05 00:31:21 [http-nio-8080-exec-5] INFO  com.example.innowisefourthproject.pool.ConnectionPool - Connection number 4 was created
2026-06-05 00:31:21 [http-nio-8080-exec-5] INFO  com.example.innowisefourthproject.pool.ConnectionPool - Connection number 5 was created
2026-06-05 00:31:21 [http-nio-8080-exec-5] INFO  com.example.innowisefourthproject.pool.ConnectionPool - Connection number 6 was created
2026-06-05 00:31:21 [http-nio-8080-exec-5] INFO  com.example.innowisefourthproject.pool.ConnectionPool - Connection number 7 was created
2026-06-05 00:31:21 [http-nio-8080-exec-5] INFO  com.example.innowisefourthproject.pool.ConnectionPool - Connection number 8 was created
2026-06-05 00:31:21 [http-nio-8080-exec-5] INFO  com.example.innowisefourthproject.pool.ConnectionPool - Connection number 9 was created
2026-06-05 00:31:21 [http-nio-8080-exec-5] INFO  com.example.innowisefourthproject.pool.ConnectionPool - Connection number 10 was created
2026-06-05 00:31:21 [http-nio-8080-exec-5] INFO  com.example.innowisefourthproject.pool.ConnectionPool - Connection pool was initialized. Pool size: 10
2026-06-05 00:31:21 [http-nio-8080-exec-5] INFO  com.example.innowisefourthproject.controller.Controller - Command from request: login
2026-06-05 00:31:21 [http-nio-8080-exec-5] INFO  com.example.innowisefourthproject.controller.Controller - Command class: LoginCommand
2026-06-05 00:31:21 [http-nio-8080-exec-5] INFO  com.example.innowisefourthproject.dao.impl.UserDaoImpl - Find user by login: qwe
2026-06-05 00:31:21 [http-nio-8080-exec-5] INFO  com.example.innowisefourthproject.listner.SessionAttributeListenerImpl - +++<<<------->  attributeAdded:null
2026-06-05 00:31:21 [http-nio-8080-exec-5] INFO  com.example.innowisefourthproject.listner.SessionAttributeListenerImpl - +++<<<------->  attributeAdded:null
2026-06-05 00:31:21 [http-nio-8080-exec-5] INFO  com.example.innowisefourthproject.listner.SessionAttributeListenerImpl - +++<<<------->  attributeAdded:null
2026-06-05 00:31:21 [http-nio-8080-exec-5] INFO  com.example.innowisefourthproject.listner.SessionAttributeListenerImpl - +++<<<------->  attributeAdded:pages/main.jsp
2026-06-05 00:31:22 [http-nio-8080-exec-6] INFO  com.example.innowisefourthproject.controller.Controller - Command from request: show_items
2026-06-05 00:31:22 [http-nio-8080-exec-6] INFO  com.example.innowisefourthproject.controller.Controller - Command class: ShowItemsCommand
2026-06-05 00:31:22 [http-nio-8080-exec-6] INFO  com.example.innowisefourthproject.dao.impl.ItemDaoImpl - Find all item from db
2026-06-05 00:31:22 [http-nio-8080-exec-6] INFO  com.example.innowisefourthproject.dao.impl.ItemDaoImpl - Foud 4 items
2026-06-05 00:31:25 [http-nio-8080-exec-8] INFO  com.example.innowisefourthproject.controller.Controller - Command from request: logout
2026-06-05 00:31:25 [http-nio-8080-exec-8] INFO  com.example.innowisefourthproject.controller.Controller - Command class: LogoutCommand
2026-06-05 00:31:25 [http-nio-8080-exec-8] INFO  com.example.innowisefourthproject.listner.SessionCreateListenerImpl - ---------->  sessionDestroyed: B5CAEF58A699D292CAEFED568EC7BB9E
2026-06-05 00:31:25 [http-nio-8080-exec-8] INFO  com.example.innowisefourthproject.listner.SessionCreateListenerImpl - ---------->  sessionCreated: 25E37218B538C0C3627302CE4AAB99E2
2026-06-05 00:31:28 [http-nio-8080-exec-9] INFO  com.example.innowisefourthproject.controller.Controller - Command from request: login
2026-06-05 00:31:28 [http-nio-8080-exec-9] INFO  com.example.innowisefourthproject.controller.Controller - Command class: LoginCommand
2026-06-05 00:31:28 [http-nio-8080-exec-9] INFO  com.example.innowisefourthproject.dao.impl.UserDaoImpl - Find user by login: qwer
2026-06-05 00:31:28 [http-nio-8080-exec-9] INFO  com.example.innowisefourthproject.listner.SessionAttributeListenerImpl - +++<<<------->  attributeAdded:null
2026-06-05 00:31:28 [http-nio-8080-exec-9] INFO  com.example.innowisefourthproject.listner.SessionAttributeListenerImpl - +++<<<------->  attributeAdded:null
2026-06-05 00:31:28 [http-nio-8080-exec-9] INFO  com.example.innowisefourthproject.listner.SessionAttributeListenerImpl - +++<<<------->  attributeAdded:null
2026-06-05 00:31:28 [http-nio-8080-exec-9] INFO  com.example.innowisefourthproject.listner.SessionAttributeListenerImpl - +++<<<------->  attributeAdded:pages/main.jsp
2026-06-05 00:31:32 [http-nio-8080-exec-10] INFO  com.example.innowisefourthproject.controller.Controller - Command from request: show_items
2026-06-05 00:31:32 [http-nio-8080-exec-10] INFO  com.example.innowisefourthproject.controller.Controller - Command class: ShowItemsCommand
2026-06-05 00:31:32 [http-nio-8080-exec-10] INFO  com.example.innowisefourthproject.dao.impl.ItemDaoImpl - Find all item from db
2026-06-05 00:31:32 [http-nio-8080-exec-10] INFO  com.example.innowisefourthproject.dao.impl.ItemDaoImpl - Foud 4 items
2026-06-05 01:02:16 [Catalina-utility-2] INFO  com.example.innowisefourthproject.listner.SessionCreateListenerImpl - ---------->  sessionDestroyed: 8538102DCBA479173CCDCA6F1156326C
2026-06-05 01:02:16 [Catalina-utility-2] INFO  com.example.innowisefourthproject.listner.SessionCreateListenerImpl - ---------->  sessionDestroyed: 25E37218B538C0C3627302CE4AAB99E2
2026-06-05 01:25:25 [main] INFO  com.example.innowisefourthproject.pool.ConnectionPool - Connection pool was destroyed
2026-06-05 01:25:25 [main] INFO  com.example.innowisefourthproject.controller.Controller - Servlet destroyed: 
2026-06-05 01:25:25 [main] INFO  com.example.innowisefourthproject.listner.ServletContextListenerImpl - --------contextInitialized : Apache Tomcat/10.1.55
2026-06-05 01:25:29 [RMI TCP Connection(2)-127.0.0.1] INFO  com.example.innowisefourthproject.listner.ServletContextListenerImpl - ++++++ contextInitialized : null
2026-06-05 01:25:30 [http-nio-8080-exec-1] INFO  com.example.innowisefourthproject.listner.SessionCreateListenerImpl - ---------->  sessionCreated: E4F79512C1A2AF8768AE59F87FB5E40C
2026-06-05 01:25:30 [http-nio-8080-exec-3] INFO  com.example.innowisefourthproject.listner.SessionCreateListenerImpl - ---------->  sessionCreated: 58F22ED0D486DA2EDA743B39385B0400
2026-06-05 01:25:44 [http-nio-8080-exec-6] INFO  com.example.innowisefourthproject.controller.Controller - Servlet initialized: 
2026-06-05 01:25:45 [http-nio-8080-exec-6] INFO  com.example.innowisefourthproject.pool.ConnectionPool - Connection number 1 was created
2026-06-05 01:25:45 [http-nio-8080-exec-6] INFO  com.example.innowisefourthproject.pool.ConnectionPool - Connection number 2 was created
2026-06-05 01:25:45 [http-nio-8080-exec-6] INFO  com.example.innowisefourthproject.pool.ConnectionPool - Connection number 3 was created
2026-06-05 01:25:45 [http-nio-8080-exec-6] INFO  com.example.innowisefourthproject.pool.ConnectionPool - Connection number 4 was created
2026-06-05 01:25:45 [http-nio-8080-exec-6] INFO  com.example.innowisefourthproject.pool.ConnectionPool - Connection number 5 was created
2026-06-05 01:25:45 [http-nio-8080-exec-6] INFO  com.example.innowisefourthproject.pool.ConnectionPool - Connection number 6 was created
2026-06-05 01:25:45 [http-nio-8080-exec-6] INFO  com.example.innowisefourthproject.pool.ConnectionPool - Connection number 7 was created
2026-06-05 01:25:45 [http-nio-8080-exec-6] INFO  com.example.innowisefourthproject.pool.ConnectionPool - Connection number 8 was created
2026-06-05 01:25:45 [http-nio-8080-exec-6] INFO  com.example.innowisefourthproject.pool.ConnectionPool - Connection number 9 was created
2026-06-05 01:25:45 [http-nio-8080-exec-6] INFO  com.example.innowisefourthproject.pool.ConnectionPool - Connection number 10 was created
2026-06-05 01:25:45 [http-nio-8080-exec-6] INFO  com.example.innowisefourthproject.pool.ConnectionPool - Connection pool was initialized. Pool size: 10
2026-06-05 01:25:45 [http-nio-8080-exec-6] INFO  com.example.innowisefourthproject.controller.Controller - Command from request: login
2026-06-05 01:25:45 [http-nio-8080-exec-6] INFO  com.example.innowisefourthproject.controller.Controller - Command class: LoginCommand
2026-06-05 01:25:45 [http-nio-8080-exec-6] INFO  com.example.innowisefourthproject.dao.impl.UserDaoImpl - Find user by login: qwe
2026-06-05 01:25:45 [http-nio-8080-exec-6] INFO  com.example.innowisefourthproject.listner.SessionAttributeListenerImpl - +++<<<------->  attributeAdded:null
2026-06-05 01:25:45 [http-nio-8080-exec-6] INFO  com.example.innowisefourthproject.listner.SessionAttributeListenerImpl - +++<<<------->  attributeAdded:null
2026-06-05 01:25:45 [http-nio-8080-exec-6] INFO  com.example.innowisefourthproject.listner.SessionAttributeListenerImpl - +++<<<------->  attributeAdded:null
2026-06-05 01:25:45 [http-nio-8080-exec-6] INFO  com.example.innowisefourthproject.listner.SessionAttributeListenerImpl - +++<<<------->  attributeAdded:pages/main.jsp
2026-06-05 01:25:46 [http-nio-8080-exec-5] INFO  com.example.innowisefourthproject.controller.Controller - Command from request: show_orders
2026-06-05 01:25:46 [http-nio-8080-exec-5] INFO  com.example.innowisefourthproject.controller.Controller - Command class: ShowOrdersCommand
2026-06-05 01:25:46 [http-nio-8080-exec-5] INFO  com.example.innowisefourthproject.service.impl.OrderServiceImpl - findOrders in db
2026-06-05 01:25:46 [http-nio-8080-exec-5] INFO  com.example.innowisefourthproject.dao.impl.OrderDaoImpl - Finding orders by user id: 4
2026-06-05 01:25:50 [http-nio-8080-exec-7] INFO  com.example.innowisefourthproject.controller.Controller - Command from request: logout
2026-06-05 01:25:50 [http-nio-8080-exec-7] INFO  com.example.innowisefourthproject.controller.Controller - Command class: LogoutCommand
2026-06-05 01:25:50 [http-nio-8080-exec-7] INFO  com.example.innowisefourthproject.listner.SessionCreateListenerImpl - ---------->  sessionDestroyed: 58F22ED0D486DA2EDA743B39385B0400
2026-06-05 01:25:50 [http-nio-8080-exec-7] INFO  com.example.innowisefourthproject.listner.SessionCreateListenerImpl - ---------->  sessionCreated: CD890809C9482B1740BD19D0148166C4
2026-06-05 01:25:53 [http-nio-8080-exec-9] INFO  com.example.innowisefourthproject.controller.Controller - Command from request: login
2026-06-05 01:25:53 [http-nio-8080-exec-9] INFO  com.example.innowisefourthproject.controller.Controller - Command class: LoginCommand
2026-06-05 01:25:53 [http-nio-8080-exec-9] INFO  com.example.innowisefourthproject.dao.impl.UserDaoImpl - Find user by login: qwer
2026-06-05 01:25:53 [http-nio-8080-exec-9] INFO  com.example.innowisefourthproject.listner.SessionAttributeListenerImpl - +++<<<------->  attributeAdded:null
2026-06-05 01:25:53 [http-nio-8080-exec-9] INFO  com.example.innowisefourthproject.listner.SessionAttributeListenerImpl - +++<<<------->  attributeAdded:null
2026-06-05 01:25:53 [http-nio-8080-exec-9] INFO  com.example.innowisefourthproject.listner.SessionAttributeListenerImpl - +++<<<------->  attributeAdded:null
2026-06-05 01:25:53 [http-nio-8080-exec-9] INFO  com.example.innowisefourthproject.listner.SessionAttributeListenerImpl - +++<<<------->  attributeAdded:pages/main.jsp
2026-06-05 01:25:56 [http-nio-8080-exec-10] INFO  com.example.innowisefourthproject.controller.Controller - Command from request: show_orders
2026-06-05 01:25:56 [http-nio-8080-exec-10] INFO  com.example.innowisefourthproject.controller.Controller - Command class: ShowOrdersCommand
2026-06-05 01:25:56 [http-nio-8080-exec-10] INFO  com.example.innowisefourthproject.service.impl.OrderServiceImpl - findOrders in db
2026-06-05 01:25:56 [http-nio-8080-exec-10] INFO  com.example.innowisefourthproject.dao.impl.OrderDaoImpl - Finding all orders
2026-06-05 01:28:19 [main] INFO  com.example.innowisefourthproject.pool.ConnectionPool - Connection pool was destroyed
2026-06-05 01:28:19 [main] INFO  com.example.innowisefourthproject.controller.Controller - Servlet destroyed: 
2026-06-05 01:28:19 [main] INFO  com.example.innowisefourthproject.listner.SessionCreateListenerImpl - ---------->  sessionDestroyed: CD890809C9482B1740BD19D0148166C4
2026-06-05 01:28:19 [main] INFO  com.example.innowisefourthproject.listner.SessionCreateListenerImpl - ---------->  sessionDestroyed: E4F79512C1A2AF8768AE59F87FB5E40C
2026-06-05 01:28:19 [main] INFO  com.example.innowisefourthproject.listner.ServletContextListenerImpl - --------contextInitialized : Apache Tomcat/10.1.55
2026-06-05 01:28:21 [RMI TCP Connection(2)-127.0.0.1] INFO  com.example.innowisefourthproject.listner.ServletContextListenerImpl - ++++++ contextInitialized : null
2026-06-05 01:28:22 [http-nio-8080-exec-1] INFO  com.example.innowisefourthproject.listner.SessionCreateListenerImpl - ---------->  sessionCreated: 40E22DFCAA6A91FBA23E72CE58B9CEAE
2026-06-05 01:28:22 [http-nio-8080-exec-4] INFO  com.example.innowisefourthproject.listner.SessionCreateListenerImpl - ---------->  sessionCreated: CC1A40E58184E702D132F4E58572D1FC
2026-06-05 01:28:55 [http-nio-8080-exec-7] INFO  com.example.innowisefourthproject.controller.Controller - Servlet initialized: 
2026-06-05 01:28:55 [http-nio-8080-exec-7] INFO  com.example.innowisefourthproject.pool.ConnectionPool - Connection number 1 was created
2026-06-05 01:28:55 [http-nio-8080-exec-7] INFO  com.example.innowisefourthproject.pool.ConnectionPool - Connection number 2 was created
2026-06-05 01:28:55 [http-nio-8080-exec-7] INFO  com.example.innowisefourthproject.pool.ConnectionPool - Connection number 3 was created
2026-06-05 01:28:55 [http-nio-8080-exec-7] INFO  com.example.innowisefourthproject.pool.ConnectionPool - Connection number 4 was created
2026-06-05 01:28:55 [http-nio-8080-exec-7] INFO  com.example.innowisefourthproject.pool.ConnectionPool - Connection number 5 was created
2026-06-05 01:28:55 [http-nio-8080-exec-7] INFO  com.example.innowisefourthproject.pool.ConnectionPool - Connection number 6 was created
2026-06-05 01:28:55 [http-nio-8080-exec-7] INFO  com.example.innowisefourthproject.pool.ConnectionPool - Connection number 7 was created
2026-06-05 01:28:55 [http-nio-8080-exec-7] INFO  com.example.innowisefourthproject.pool.ConnectionPool - Connection number 8 was created
2026-06-05 01:28:55 [http-nio-8080-exec-7] INFO  com.example.innowisefourthproject.pool.ConnectionPool - Connection number 9 was created
2026-06-05 01:28:55 [http-nio-8080-exec-7] INFO  com.example.innowisefourthproject.pool.ConnectionPool - Connection number 10 was created
2026-06-05 01:28:55 [http-nio-8080-exec-7] INFO  com.example.innowisefourthproject.pool.ConnectionPool - Connection pool was initialized. Pool size: 10
2026-06-05 01:28:55 [http-nio-8080-exec-7] INFO  com.example.innowisefourthproject.controller.Controller - Command from request: login
2026-06-05 01:28:55 [http-nio-8080-exec-7] INFO  com.example.innowisefourthproject.controller.Controller - Command class: LoginCommand
2026-06-05 01:28:55 [http-nio-8080-exec-7] INFO  com.example.innowisefourthproject.dao.impl.UserDaoImpl - Find user by login: qwe
2026-06-05 01:28:55 [http-nio-8080-exec-7] INFO  com.example.innowisefourthproject.listner.SessionAttributeListenerImpl - +++<<<------->  attributeAdded:null
2026-06-05 01:28:55 [http-nio-8080-exec-7] INFO  com.example.innowisefourthproject.listner.SessionAttributeListenerImpl - +++<<<------->  attributeAdded:index.jsp
2026-06-05 01:28:58 [http-nio-8080-exec-8] INFO  com.example.innowisefourthproject.controller.Controller - Command from request: login
2026-06-05 01:28:58 [http-nio-8080-exec-8] INFO  com.example.innowisefourthproject.controller.Controller - Command class: LoginCommand
2026-06-05 01:28:58 [http-nio-8080-exec-8] INFO  com.example.innowisefourthproject.dao.impl.UserDaoImpl - Find user by login: qwe
2026-06-05 01:28:58 [http-nio-8080-exec-8] INFO  com.example.innowisefourthproject.listner.SessionAttributeListenerImpl - +++<<<------->  attributeAdded:null
2026-06-05 01:28:58 [http-nio-8080-exec-8] INFO  com.example.innowisefourthproject.listner.SessionAttributeListenerImpl - +++<<<------->  attributeAdded:index.jsp
2026-06-05 01:28:58 [http-nio-8080-exec-8] INFO  com.example.innowisefourthproject.listner.SessionAttributeListenerImpl - ###<<<------->  attributeReplaced:null
2026-06-05 01:28:58 [http-nio-8080-exec-8] INFO  com.example.innowisefourthproject.listner.SessionAttributeListenerImpl - ###<<<------->  attributeReplaced:pages/main.jsp
2026-06-05 01:28:59 [http-nio-8080-exec-9] INFO  com.example.innowisefourthproject.controller.Controller - Command from request: show_orders
2026-06-05 01:28:59 [http-nio-8080-exec-9] INFO  com.example.innowisefourthproject.controller.Controller - Command class: ShowOrdersCommand
2026-06-05 01:28:59 [http-nio-8080-exec-9] INFO  com.example.innowisefourthproject.service.impl.OrderServiceImpl - findOrders in db
2026-06-05 01:28:59 [http-nio-8080-exec-9] INFO  com.example.innowisefourthproject.dao.impl.OrderDaoImpl - Finding orders by user id: 4
2026-06-05 01:31:10 [http-nio-8080-exec-2] INFO  com.example.innowisefourthproject.controller.Controller - Command from request: show_items
2026-06-05 01:31:10 [http-nio-8080-exec-2] INFO  com.example.innowisefourthproject.controller.Controller - Command class: ShowItemsCommand
2026-06-05 01:31:10 [http-nio-8080-exec-2] INFO  com.example.innowisefourthproject.dao.impl.ItemDaoImpl - Find all item from db
2026-06-05 01:31:10 [http-nio-8080-exec-2] INFO  com.example.innowisefourthproject.dao.impl.ItemDaoImpl - Foud 4 items
2026-06-05 01:31:12 [http-nio-8080-exec-3] INFO  com.example.innowisefourthproject.controller.Controller - Command from request: create_order
2026-06-05 01:31:12 [http-nio-8080-exec-3] INFO  com.example.innowisefourthproject.controller.Controller - Command class: CreateOrderCommand
2026-06-05 01:31:12 [http-nio-8080-exec-3] INFO  com.example.innowisefourthproject.service.impl.OrderServiceImpl - createOrder in OrderServiceImpl
2026-06-05 01:31:12 [http-nio-8080-exec-3] INFO  com.example.innowisefourthproject.dao.impl.OrderDaoImpl - Creating order
2026-06-05 01:31:12 [http-nio-8080-exec-3] INFO  com.example.innowisefourthproject.service.impl.OrderServiceImpl - findOrders in db
2026-06-05 01:31:12 [http-nio-8080-exec-3] INFO  com.example.innowisefourthproject.dao.impl.OrderDaoImpl - Finding orders by user id: 4
2026-06-05 01:35:58 [main] INFO  com.example.innowisefourthproject.pool.ConnectionPool - Connection pool was destroyed
2026-06-05 01:35:58 [main] INFO  com.example.innowisefourthproject.controller.Controller - Servlet destroyed: 
2026-06-05 01:35:58 [main] INFO  com.example.innowisefourthproject.listner.SessionCreateListenerImpl - ---------->  sessionDestroyed: CC1A40E58184E702D132F4E58572D1FC
2026-06-05 01:35:58 [main] INFO  com.example.innowisefourthproject.listner.SessionCreateListenerImpl - ---------->  sessionDestroyed: 40E22DFCAA6A91FBA23E72CE58B9CEAE
2026-06-05 01:35:58 [main] INFO  com.example.innowisefourthproject.listner.ServletContextListenerImpl - --------contextInitialized : Apache Tomcat/10.1.55
2026-06-05 01:36:01 [RMI TCP Connection(2)-127.0.0.1] INFO  com.example.innowisefourthproject.listner.ServletContextListenerImpl - ++++++ contextInitialized : null
2026-06-05 01:36:02 [http-nio-8080-exec-1] INFO  com.example.innowisefourthproject.listner.SessionCreateListenerImpl - ---------->  sessionCreated: 0E41E61F19EF8C528510D9B44FCF53E8
2026-06-05 01:36:02 [http-nio-8080-exec-4] INFO  com.example.innowisefourthproject.listner.SessionCreateListenerImpl - ---------->  sessionCreated: 6739205695BB3480AD12859F08A577A9
2026-06-05 01:36:09 [http-nio-8080-exec-5] INFO  com.example.innowisefourthproject.controller.Controller - Servlet initialized: 
2026-06-05 01:36:09 [http-nio-8080-exec-5] INFO  com.example.innowisefourthproject.pool.ConnectionPool - Connection number 1 was created
2026-06-05 01:36:09 [http-nio-8080-exec-5] INFO  com.example.innowisefourthproject.pool.ConnectionPool - Connection number 2 was created
2026-06-05 01:36:09 [http-nio-8080-exec-5] INFO  com.example.innowisefourthproject.pool.ConnectionPool - Connection number 3 was created
2026-06-05 01:36:09 [http-nio-8080-exec-5] INFO  com.example.innowisefourthproject.pool.ConnectionPool - Connection number 4 was created
2026-06-05 01:36:09 [http-nio-8080-exec-5] INFO  com.example.innowisefourthproject.pool.ConnectionPool - Connection number 5 was created
2026-06-05 01:36:09 [http-nio-8080-exec-5] INFO  com.example.innowisefourthproject.pool.ConnectionPool - Connection number 6 was created
2026-06-05 01:36:09 [http-nio-8080-exec-5] INFO  com.example.innowisefourthproject.pool.ConnectionPool - Connection number 7 was created
2026-06-05 01:36:09 [http-nio-8080-exec-5] INFO  com.example.innowisefourthproject.pool.ConnectionPool - Connection number 8 was created
2026-06-05 01:36:09 [http-nio-8080-exec-5] INFO  com.example.innowisefourthproject.pool.ConnectionPool - Connection number 9 was created
2026-06-05 01:36:09 [http-nio-8080-exec-5] INFO  com.example.innowisefourthproject.pool.ConnectionPool - Connection number 10 was created
2026-06-05 01:36:09 [http-nio-8080-exec-5] INFO  com.example.innowisefourthproject.pool.ConnectionPool - Connection pool was initialized. Pool size: 10
2026-06-05 01:36:09 [http-nio-8080-exec-5] INFO  com.example.innowisefourthproject.controller.Controller - Command from request: login
2026-06-05 01:36:09 [http-nio-8080-exec-5] INFO  com.example.innowisefourthproject.controller.Controller - Command class: LoginCommand
2026-06-05 01:36:09 [http-nio-8080-exec-5] INFO  com.example.innowisefourthproject.dao.impl.UserDaoImpl - Find user by login: qwer
2026-06-05 01:36:09 [http-nio-8080-exec-5] INFO  com.example.innowisefourthproject.listner.SessionAttributeListenerImpl - +++<<<------->  attributeAdded:null
2026-06-05 01:36:09 [http-nio-8080-exec-5] INFO  com.example.innowisefourthproject.listner.SessionAttributeListenerImpl - +++<<<------->  attributeAdded:null
2026-06-05 01:36:09 [http-nio-8080-exec-5] INFO  com.example.innowisefourthproject.listner.SessionAttributeListenerImpl - +++<<<------->  attributeAdded:null
2026-06-05 01:36:09 [http-nio-8080-exec-5] INFO  com.example.innowisefourthproject.listner.SessionAttributeListenerImpl - +++<<<------->  attributeAdded:pages/main.jsp
2026-06-05 01:36:11 [http-nio-8080-exec-6] INFO  com.example.innowisefourthproject.controller.Controller - Command from request: show_items
2026-06-05 01:36:11 [http-nio-8080-exec-6] INFO  com.example.innowisefourthproject.controller.Controller - Command class: ShowItemsCommand
2026-06-05 01:36:11 [http-nio-8080-exec-6] INFO  com.example.innowisefourthproject.dao.impl.ItemDaoImpl - Find all item from db
2026-06-05 01:36:11 [http-nio-8080-exec-6] INFO  com.example.innowisefourthproject.dao.impl.ItemDaoImpl - Foud 4 items
2026-06-05 01:36:16 [http-nio-8080-exec-7] INFO  com.example.innowisefourthproject.controller.Controller - Command from request: show_orders
2026-06-05 01:36:16 [http-nio-8080-exec-7] INFO  com.example.innowisefourthproject.controller.Controller - Command class: ShowOrdersCommand
2026-06-05 01:36:16 [http-nio-8080-exec-7] INFO  com.example.innowisefourthproject.service.impl.OrderServiceImpl - findOrders in db
2026-06-05 01:36:16 [http-nio-8080-exec-7] INFO  com.example.innowisefourthproject.dao.impl.OrderDaoImpl - Finding all orders
2026-06-05 01:36:23 [http-nio-8080-exec-10] INFO  com.example.innowisefourthproject.controller.Controller - Command from request: logout
2026-06-05 01:36:23 [http-nio-8080-exec-10] INFO  com.example.innowisefourthproject.controller.Controller - Command class: LogoutCommand
2026-06-05 01:36:23 [http-nio-8080-exec-10] INFO  com.example.innowisefourthproject.listner.SessionCreateListenerImpl - ---------->  sessionDestroyed: 6739205695BB3480AD12859F08A577A9
2026-06-05 01:36:23 [http-nio-8080-exec-10] INFO  com.example.innowisefourthproject.listner.SessionCreateListenerImpl - ---------->  sessionCreated: BF152C1D38E3FD8952DEB562D99BCDC1
2026-06-05 01:36:26 [http-nio-8080-exec-1] INFO  com.example.innowisefourthproject.controller.Controller - Command from request: login
2026-06-05 01:36:26 [http-nio-8080-exec-1] INFO  com.example.innowisefourthproject.controller.Controller - Command class: LoginCommand
2026-06-05 01:36:26 [http-nio-8080-exec-1] INFO  com.example.innowisefourthproject.dao.impl.UserDaoImpl - Find user by login: qwe
2026-06-05 01:36:26 [http-nio-8080-exec-1] INFO  com.example.innowisefourthproject.listner.SessionAttributeListenerImpl - +++<<<------->  attributeAdded:null
2026-06-05 01:36:26 [http-nio-8080-exec-1] INFO  com.example.innowisefourthproject.listner.SessionAttributeListenerImpl - +++<<<------->  attributeAdded:index.jsp
2026-06-05 01:36:30 [http-nio-8080-exec-2] INFO  com.example.innowisefourthproject.controller.Controller - Command from request: login
2026-06-05 01:36:30 [http-nio-8080-exec-2] INFO  com.example.innowisefourthproject.controller.Controller - Command class: LoginCommand
2026-06-05 01:36:30 [http-nio-8080-exec-2] INFO  com.example.innowisefourthproject.dao.impl.UserDaoImpl - Find user by login: qwe
2026-06-05 01:36:30 [http-nio-8080-exec-2] INFO  com.example.innowisefourthproject.listner.SessionAttributeListenerImpl - +++<<<------->  attributeAdded:null
2026-06-05 01:36:30 [http-nio-8080-exec-2] INFO  com.example.innowisefourthproject.listner.SessionAttributeListenerImpl - +++<<<------->  attributeAdded:index.jsp
2026-06-05 01:36:30 [http-nio-8080-exec-2] INFO  com.example.innowisefourthproject.listner.SessionAttributeListenerImpl - ###<<<------->  attributeReplaced:null
2026-06-05 01:36:30 [http-nio-8080-exec-2] INFO  com.example.innowisefourthproject.listner.SessionAttributeListenerImpl - ###<<<------->  attributeReplaced:pages/main.jsp
2026-06-05 01:36:31 [http-nio-8080-exec-3] INFO  com.example.innowisefourthproject.controller.Controller - Command from request: show_items
2026-06-05 01:36:31 [http-nio-8080-exec-3] INFO  com.example.innowisefourthproject.controller.Controller - Command class: ShowItemsCommand
2026-06-05 01:36:31 [http-nio-8080-exec-3] INFO  com.example.innowisefourthproject.dao.impl.ItemDaoImpl - Find all item from db
2026-06-05 01:36:31 [http-nio-8080-exec-3] INFO  com.example.innowisefourthproject.dao.impl.ItemDaoImpl - Foud 4 items
2026-06-05 01:36:32 [http-nio-8080-exec-4] INFO  com.example.innowisefourthproject.controller.Controller - Command from request: create_order
2026-06-05 01:36:32 [http-nio-8080-exec-4] INFO  com.example.innowisefourthproject.controller.Controller - Command class: CreateOrderCommand
2026-06-05 01:36:32 [http-nio-8080-exec-4] INFO  com.example.innowisefourthproject.service.impl.OrderServiceImpl - createOrder in OrderServiceImpl
2026-06-05 01:36:32 [http-nio-8080-exec-4] INFO  com.example.innowisefourthproject.dao.impl.OrderDaoImpl - Creating order
2026-06-05 01:36:32 [http-nio-8080-exec-4] INFO  com.example.innowisefourthproject.service.impl.OrderServiceImpl - findOrders in db
2026-06-05 01:36:32 [http-nio-8080-exec-4] INFO  com.example.innowisefourthproject.dao.impl.OrderDaoImpl - Finding orders by user id: 4
2026-06-05 01:38:15 [main] INFO  com.example.innowisefourthproject.pool.ConnectionPool - Connection pool was destroyed
2026-06-05 01:38:15 [main] INFO  com.example.innowisefourthproject.controller.Controller - Servlet destroyed: 
2026-06-05 01:38:15 [main] INFO  com.example.innowisefourthproject.listner.SessionCreateListenerImpl - ---------->  sessionDestroyed: 0E41E61F19EF8C528510D9B44FCF53E8
2026-06-05 01:38:15 [main] INFO  com.example.innowisefourthproject.listner.SessionCreateListenerImpl - ---------->  sessionDestroyed: BF152C1D38E3FD8952DEB562D99BCDC1
2026-06-05 01:38:15 [main] INFO  com.example.innowisefourthproject.listner.ServletContextListenerImpl - --------contextInitialized : Apache Tomcat/10.1.55
2026-06-05 01:38:18 [RMI TCP Connection(2)-127.0.0.1] INFO  com.example.innowisefourthproject.listner.ServletContextListenerImpl - ++++++ contextInitialized : null
2026-06-05 01:38:19 [http-nio-8080-exec-1] INFO  com.example.innowisefourthproject.listner.SessionCreateListenerImpl - ---------->  sessionCreated: 2B24CC1C5C7DC13AAD3A2D0E321C814B
2026-06-05 01:38:19 [http-nio-8080-exec-4] INFO  com.example.innowisefourthproject.listner.SessionCreateListenerImpl - ---------->  sessionCreated: 646D75360AF1B7DAE51A43C13EB1B2CD
2026-06-05 01:38:27 [http-nio-8080-exec-5] INFO  com.example.innowisefourthproject.controller.Controller - Servlet initialized: 
2026-06-05 01:38:27 [http-nio-8080-exec-5] INFO  com.example.innowisefourthproject.pool.ConnectionPool - Connection number 1 was created
2026-06-05 01:38:27 [http-nio-8080-exec-5] INFO  com.example.innowisefourthproject.pool.ConnectionPool - Connection number 2 was created
2026-06-05 01:38:27 [http-nio-8080-exec-5] INFO  com.example.innowisefourthproject.pool.ConnectionPool - Connection number 3 was created
2026-06-05 01:38:27 [http-nio-8080-exec-5] INFO  com.example.innowisefourthproject.pool.ConnectionPool - Connection number 4 was created
2026-06-05 01:38:27 [http-nio-8080-exec-5] INFO  com.example.innowisefourthproject.pool.ConnectionPool - Connection number 5 was created
2026-06-05 01:38:27 [http-nio-8080-exec-5] INFO  com.example.innowisefourthproject.pool.ConnectionPool - Connection number 6 was created
2026-06-05 01:38:27 [http-nio-8080-exec-5] INFO  com.example.innowisefourthproject.pool.ConnectionPool - Connection number 7 was created
2026-06-05 01:38:27 [http-nio-8080-exec-5] INFO  com.example.innowisefourthproject.pool.ConnectionPool - Connection number 8 was created
2026-06-05 01:38:27 [http-nio-8080-exec-5] INFO  com.example.innowisefourthproject.pool.ConnectionPool - Connection number 9 was created
2026-06-05 01:38:27 [http-nio-8080-exec-5] INFO  com.example.innowisefourthproject.pool.ConnectionPool - Connection number 10 was created
2026-06-05 01:38:27 [http-nio-8080-exec-5] INFO  com.example.innowisefourthproject.pool.ConnectionPool - Connection pool was initialized. Pool size: 10
2026-06-05 01:38:27 [http-nio-8080-exec-5] INFO  com.example.innowisefourthproject.controller.Controller - Command from request: login
2026-06-05 01:38:27 [http-nio-8080-exec-5] INFO  com.example.innowisefourthproject.controller.Controller - Command class: LoginCommand
2026-06-05 01:38:27 [http-nio-8080-exec-5] INFO  com.example.innowisefourthproject.dao.impl.UserDaoImpl - Find user by login: qwe
2026-06-05 01:38:27 [http-nio-8080-exec-5] INFO  com.example.innowisefourthproject.listner.SessionAttributeListenerImpl - +++<<<------->  attributeAdded:null
2026-06-05 01:38:27 [http-nio-8080-exec-5] INFO  com.example.innowisefourthproject.listner.SessionAttributeListenerImpl - +++<<<------->  attributeAdded:null
2026-06-05 01:38:27 [http-nio-8080-exec-5] INFO  com.example.innowisefourthproject.listner.SessionAttributeListenerImpl - +++<<<------->  attributeAdded:null
2026-06-05 01:38:27 [http-nio-8080-exec-5] INFO  com.example.innowisefourthproject.listner.SessionAttributeListenerImpl - +++<<<------->  attributeAdded:pages/main.jsp
2026-06-05 01:38:27 [http-nio-8080-exec-5] INFO  com.example.innowisefourthproject.controller.Controller - Page after command: pages/main.jsp
2026-06-05 01:38:28 [http-nio-8080-exec-6] INFO  com.example.innowisefourthproject.controller.Controller - Command from request: show_orders
2026-06-05 01:38:28 [http-nio-8080-exec-6] INFO  com.example.innowisefourthproject.controller.Controller - Command class: ShowOrdersCommand
2026-06-05 01:38:28 [http-nio-8080-exec-6] INFO  com.example.innowisefourthproject.service.impl.OrderServiceImpl - findOrders in db
2026-06-05 01:38:28 [http-nio-8080-exec-6] INFO  com.example.innowisefourthproject.dao.impl.OrderDaoImpl - Finding orders by user id: 4
2026-06-05 01:38:28 [http-nio-8080-exec-6] INFO  com.example.innowisefourthproject.controller.Controller - Page after command: pages/orders.jsp
2026-06-05 01:38:31 [http-nio-8080-exec-7] INFO  com.example.innowisefourthproject.controller.Controller - Command from request: show_items
2026-06-05 01:38:31 [http-nio-8080-exec-7] INFO  com.example.innowisefourthproject.controller.Controller - Command class: ShowItemsCommand
2026-06-05 01:38:31 [http-nio-8080-exec-7] INFO  com.example.innowisefourthproject.dao.impl.ItemDaoImpl - Find all item from db
2026-06-05 01:38:31 [http-nio-8080-exec-7] INFO  com.example.innowisefourthproject.dao.impl.ItemDaoImpl - Foud 4 items
2026-06-05 01:38:31 [http-nio-8080-exec-7] INFO  com.example.innowisefourthproject.controller.Controller - Page after command: pages/items.jsp
2026-06-05 01:38:33 [http-nio-8080-exec-8] INFO  com.example.innowisefourthproject.controller.Controller - Command from request: create_order
2026-06-05 01:38:33 [http-nio-8080-exec-8] INFO  com.example.innowisefourthproject.controller.Controller - Command class: CreateOrderCommand
2026-06-05 01:38:33 [http-nio-8080-exec-8] INFO  com.example.innowisefourthproject.service.impl.OrderServiceImpl - createOrder in OrderServiceImpl
2026-06-05 01:38:33 [http-nio-8080-exec-8] INFO  com.example.innowisefourthproject.dao.impl.OrderDaoImpl - Creating order
2026-06-05 01:38:33 [http-nio-8080-exec-8] INFO  com.example.innowisefourthproject.service.impl.OrderServiceImpl - findOrders in db
2026-06-05 01:38:33 [http-nio-8080-exec-8] INFO  com.example.innowisefourthproject.dao.impl.OrderDaoImpl - Finding orders by user id: 4
2026-06-05 01:38:33 [http-nio-8080-exec-8] INFO  com.example.innowisefourthproject.command.impl.CreateOrderCommand - CreateOrderCommand returns page: pages/orders.jsp
2026-06-05 01:38:33 [http-nio-8080-exec-8] INFO  com.example.innowisefourthproject.controller.Controller - Page after command: pages/orders.jsp
2026-06-05 01:40:24 [main] INFO  com.example.innowisefourthproject.pool.ConnectionPool - Connection pool was destroyed
2026-06-05 01:40:24 [main] INFO  com.example.innowisefourthproject.controller.Controller - Servlet destroyed: 
2026-06-05 01:40:24 [main] INFO  com.example.innowisefourthproject.listner.SessionCreateListenerImpl - ---------->  sessionDestroyed: 2B24CC1C5C7DC13AAD3A2D0E321C814B
2026-06-05 01:40:24 [main] INFO  com.example.innowisefourthproject.listner.SessionCreateListenerImpl - ---------->  sessionDestroyed: 646D75360AF1B7DAE51A43C13EB1B2CD
2026-06-05 01:40:24 [main] INFO  com.example.innowisefourthproject.listner.ServletContextListenerImpl - --------contextInitialized : Apache Tomcat/10.1.55
2026-06-05 01:40:27 [RMI TCP Connection(2)-127.0.0.1] INFO  com.example.innowisefourthproject.listner.ServletContextListenerImpl - ++++++ contextInitialized : null
2026-06-05 01:40:28 [http-nio-8080-exec-1] INFO  com.example.innowisefourthproject.listner.SessionCreateListenerImpl - ---------->  sessionCreated: 419BF2CCCEEE4EED0ED45E46BBA485EB
2026-06-05 01:40:28 [http-nio-8080-exec-4] INFO  com.example.innowisefourthproject.listner.SessionCreateListenerImpl - ---------->  sessionCreated: 1CCE8E11C25138503085926B4BAB52DD
2026-06-05 01:40:32 [http-nio-8080-exec-5] INFO  com.example.innowisefourthproject.controller.Controller - Servlet initialized: 
2026-06-05 01:40:32 [http-nio-8080-exec-5] INFO  com.example.innowisefourthproject.pool.ConnectionPool - Connection number 1 was created
2026-06-05 01:40:32 [http-nio-8080-exec-5] INFO  com.example.innowisefourthproject.pool.ConnectionPool - Connection number 2 was created
2026-06-05 01:40:32 [http-nio-8080-exec-5] INFO  com.example.innowisefourthproject.pool.ConnectionPool - Connection number 3 was created
2026-06-05 01:40:32 [http-nio-8080-exec-5] INFO  com.example.innowisefourthproject.pool.ConnectionPool - Connection number 4 was created
2026-06-05 01:40:32 [http-nio-8080-exec-5] INFO  com.example.innowisefourthproject.pool.ConnectionPool - Connection number 5 was created
2026-06-05 01:40:32 [http-nio-8080-exec-5] INFO  com.example.innowisefourthproject.pool.ConnectionPool - Connection number 6 was created
2026-06-05 01:40:32 [http-nio-8080-exec-5] INFO  com.example.innowisefourthproject.pool.ConnectionPool - Connection number 7 was created
2026-06-05 01:40:32 [http-nio-8080-exec-5] INFO  com.example.innowisefourthproject.pool.ConnectionPool - Connection number 8 was created
2026-06-05 01:40:32 [http-nio-8080-exec-5] INFO  com.example.innowisefourthproject.pool.ConnectionPool - Connection number 9 was created
2026-06-05 01:40:32 [http-nio-8080-exec-5] INFO  com.example.innowisefourthproject.pool.ConnectionPool - Connection number 10 was created
2026-06-05 01:40:32 [http-nio-8080-exec-5] INFO  com.example.innowisefourthproject.pool.ConnectionPool - Connection pool was initialized. Pool size: 10
2026-06-05 01:40:32 [http-nio-8080-exec-5] INFO  com.example.innowisefourthproject.controller.Controller - Command from request: login
2026-06-05 01:40:32 [http-nio-8080-exec-5] INFO  com.example.innowisefourthproject.controller.Controller - Command class: LoginCommand
2026-06-05 01:40:32 [http-nio-8080-exec-5] INFO  com.example.innowisefourthproject.dao.impl.UserDaoImpl - Find user by login: qwe
2026-06-05 01:40:32 [http-nio-8080-exec-5] INFO  com.example.innowisefourthproject.listner.SessionAttributeListenerImpl - +++<<<------->  attributeAdded:null
2026-06-05 01:40:32 [http-nio-8080-exec-5] INFO  com.example.innowisefourthproject.listner.SessionAttributeListenerImpl - +++<<<------->  attributeAdded:null
2026-06-05 01:40:32 [http-nio-8080-exec-5] INFO  com.example.innowisefourthproject.listner.SessionAttributeListenerImpl - +++<<<------->  attributeAdded:null
2026-06-05 01:40:32 [http-nio-8080-exec-5] INFO  com.example.innowisefourthproject.listner.SessionAttributeListenerImpl - +++<<<------->  attributeAdded:pages/main.jsp
2026-06-05 01:40:32 [http-nio-8080-exec-5] INFO  com.example.innowisefourthproject.controller.Controller - Page after command: pages/main.jsp
2026-06-05 01:40:34 [http-nio-8080-exec-6] INFO  com.example.innowisefourthproject.controller.Controller - Command from request: show_items
2026-06-05 01:40:34 [http-nio-8080-exec-6] INFO  com.example.innowisefourthproject.controller.Controller - Command class: ShowItemsCommand
2026-06-05 01:40:34 [http-nio-8080-exec-6] INFO  com.example.innowisefourthproject.dao.impl.ItemDaoImpl - Find all item from db
2026-06-05 01:40:34 [http-nio-8080-exec-6] INFO  com.example.innowisefourthproject.dao.impl.ItemDaoImpl - Foud 4 items
2026-06-05 01:40:34 [http-nio-8080-exec-6] INFO  com.example.innowisefourthproject.controller.Controller - Page after command: pages/items.jsp
2026-06-05 01:40:35 [http-nio-8080-exec-7] INFO  com.example.innowisefourthproject.controller.Controller - Command from request: create_order
2026-06-05 01:40:35 [http-nio-8080-exec-7] INFO  com.example.innowisefourthproject.controller.Controller - Command class: CreateOrderCommand
2026-06-05 01:40:35 [http-nio-8080-exec-7] INFO  com.example.innowisefourthproject.service.impl.OrderServiceImpl - createOrder in OrderServiceImpl
2026-06-05 01:40:35 [http-nio-8080-exec-7] INFO  com.example.innowisefourthproject.dao.impl.OrderDaoImpl - Creating order
2026-06-05 01:40:35 [http-nio-8080-exec-7] INFO  com.example.innowisefourthproject.service.impl.OrderServiceImpl - findOrders in db
2026-06-05 01:40:35 [http-nio-8080-exec-7] INFO  com.example.innowisefourthproject.dao.impl.OrderDaoImpl - Finding orders by user id: 4
2026-06-05 01:40:35 [http-nio-8080-exec-7] INFO  com.example.innowisefourthproject.command.impl.CreateOrderCommand - CreateOrderCommand returns page: pages/orders.jsp
2026-06-05 01:40:35 [http-nio-8080-exec-7] INFO  com.example.innowisefourthproject.controller.Controller - Page after command: pages/orders.jsp
2026-06-05 01:40:43 [http-nio-8080-exec-8] INFO  com.example.innowisefourthproject.controller.Controller - Command from request: show_items
2026-06-05 01:40:43 [http-nio-8080-exec-8] INFO  com.example.innowisefourthproject.controller.Controller - Command class: ShowItemsCommand
2026-06-05 01:40:43 [http-nio-8080-exec-8] INFO  com.example.innowisefourthproject.dao.impl.ItemDaoImpl - Find all item from db
2026-06-05 01:40:43 [http-nio-8080-exec-8] INFO  com.example.innowisefourthproject.dao.impl.ItemDaoImpl - Foud 4 items
2026-06-05 01:40:43 [http-nio-8080-exec-8] INFO  com.example.innowisefourthproject.controller.Controller - Page after command: pages/items.jsp
2026-06-05 01:40:45 [http-nio-8080-exec-9] INFO  com.example.innowisefourthproject.controller.Controller - Command from request: show_orders
2026-06-05 01:40:45 [http-nio-8080-exec-9] INFO  com.example.innowisefourthproject.controller.Controller - Command class: ShowOrdersCommand
2026-06-05 01:40:45 [http-nio-8080-exec-9] INFO  com.example.innowisefourthproject.service.impl.OrderServiceImpl - findOrders in db
2026-06-05 01:40:45 [http-nio-8080-exec-9] INFO  com.example.innowisefourthproject.dao.impl.OrderDaoImpl - Finding orders by user id: 4
2026-06-05 01:40:45 [http-nio-8080-exec-9] INFO  com.example.innowisefourthproject.controller.Controller - Page after command: pages/orders.jsp
2026-06-05 01:40:47 [http-nio-8080-exec-10] INFO  com.example.innowisefourthproject.controller.Controller - Command from request: cancel_order
2026-06-05 01:40:47 [http-nio-8080-exec-10] INFO  com.example.innowisefourthproject.controller.Controller - Command class: CancelOrderCommand
2026-06-05 01:40:47 [http-nio-8080-exec-10] INFO  com.example.innowisefourthproject.service.impl.OrderServiceImpl - Cancel order
2026-06-05 01:40:47 [http-nio-8080-exec-10] INFO  com.example.innowisefourthproject.dao.impl.OrderDaoImpl - Finding order by id: 3
2026-06-05 01:40:47 [http-nio-8080-exec-10] INFO  com.example.innowisefourthproject.dao.impl.OrderDaoImpl - Updating order status. orderId=3, status=CANCELLED
2026-06-05 01:40:47 [http-nio-8080-exec-10] INFO  com.example.innowisefourthproject.service.impl.OrderServiceImpl - findOrders in db
2026-06-05 01:40:47 [http-nio-8080-exec-10] INFO  com.example.innowisefourthproject.dao.impl.OrderDaoImpl - Finding orders by user id: 4
2026-06-05 01:40:47 [http-nio-8080-exec-10] INFO  com.example.innowisefourthproject.controller.Controller - Page after command: pages/orders.jsp
2026-06-05 01:40:50 [http-nio-8080-exec-2] INFO  com.example.innowisefourthproject.controller.Controller - Command from request: cancel_order
2026-06-05 01:40:50 [http-nio-8080-exec-2] INFO  com.example.innowisefourthproject.controller.Controller - Command class: CancelOrderCommand
2026-06-05 01:40:50 [http-nio-8080-exec-2] INFO  com.example.innowisefourthproject.service.impl.OrderServiceImpl - Cancel order
2026-06-05 01:40:50 [http-nio-8080-exec-2] INFO  com.example.innowisefourthproject.dao.impl.OrderDaoImpl - Finding order by id: 1
2026-06-05 01:40:50 [http-nio-8080-exec-2] INFO  com.example.innowisefourthproject.dao.impl.OrderDaoImpl - Updating order status. orderId=1, status=CANCELLED
2026-06-05 01:40:50 [http-nio-8080-exec-2] INFO  com.example.innowisefourthproject.service.impl.OrderServiceImpl - findOrders in db
2026-06-05 01:40:50 [http-nio-8080-exec-2] INFO  com.example.innowisefourthproject.dao.impl.OrderDaoImpl - Finding orders by user id: 4
2026-06-05 01:40:50 [http-nio-8080-exec-2] INFO  com.example.innowisefourthproject.controller.Controller - Page after command: pages/orders.jsp
2026-06-05 01:40:51 [http-nio-8080-exec-3] INFO  com.example.innowisefourthproject.controller.Controller - Command from request: show_items
2026-06-05 01:40:51 [http-nio-8080-exec-3] INFO  com.example.innowisefourthproject.controller.Controller - Command class: ShowItemsCommand
2026-06-05 01:40:51 [http-nio-8080-exec-3] INFO  com.example.innowisefourthproject.dao.impl.ItemDaoImpl - Find all item from db
2026-06-05 01:40:51 [http-nio-8080-exec-3] INFO  com.example.innowisefourthproject.dao.impl.ItemDaoImpl - Foud 4 items
2026-06-05 01:40:51 [http-nio-8080-exec-3] INFO  com.example.innowisefourthproject.controller.Controller - Page after command: pages/items.jsp
2026-06-05 01:40:55 [http-nio-8080-exec-5] INFO  com.example.innowisefourthproject.controller.Controller - Command from request: show_items
2026-06-05 01:40:55 [http-nio-8080-exec-5] INFO  com.example.innowisefourthproject.controller.Controller - Command class: ShowItemsCommand
2026-06-05 01:40:55 [http-nio-8080-exec-5] INFO  com.example.innowisefourthproject.dao.impl.ItemDaoImpl - Find all item from db
2026-06-05 01:40:55 [http-nio-8080-exec-5] INFO  com.example.innowisefourthproject.dao.impl.ItemDaoImpl - Foud 4 items
2026-06-05 01:40:55 [http-nio-8080-exec-5] INFO  com.example.innowisefourthproject.controller.Controller - Page after command: pages/items.jsp
2026-06-05 01:40:57 [http-nio-8080-exec-6] INFO  com.example.innowisefourthproject.controller.Controller - Command from request: show_orders
2026-06-05 01:40:57 [http-nio-8080-exec-6] INFO  com.example.innowisefourthproject.controller.Controller - Command class: ShowOrdersCommand
2026-06-05 01:40:57 [http-nio-8080-exec-6] INFO  com.example.innowisefourthproject.service.impl.OrderServiceImpl - findOrders in db
2026-06-05 01:40:57 [http-nio-8080-exec-6] INFO  com.example.innowisefourthproject.dao.impl.OrderDaoImpl - Finding orders by user id: 4
2026-06-05 01:40:57 [http-nio-8080-exec-6] INFO  com.example.innowisefourthproject.controller.Controller - Page after command: pages/orders.jsp
2026-06-05 01:41:01 [http-nio-8080-exec-7] INFO  com.example.innowisefourthproject.controller.Controller - Command from request: show_items
2026-06-05 01:41:01 [http-nio-8080-exec-7] INFO  com.example.innowisefourthproject.controller.Controller - Command class: ShowItemsCommand
2026-06-05 01:41:01 [http-nio-8080-exec-7] INFO  com.example.innowisefourthproject.dao.impl.ItemDaoImpl - Find all item from db
2026-06-05 01:41:01 [http-nio-8080-exec-7] INFO  com.example.innowisefourthproject.dao.impl.ItemDaoImpl - Foud 4 items
2026-06-05 01:41:01 [http-nio-8080-exec-7] INFO  com.example.innowisefourthproject.controller.Controller - Page after command: pages/items.jsp
2026-06-05 01:41:03 [http-nio-8080-exec-8] INFO  com.example.innowisefourthproject.controller.Controller - Command from request: show_orders
2026-06-05 01:41:03 [http-nio-8080-exec-8] INFO  com.example.innowisefourthproject.controller.Controller - Command class: ShowOrdersCommand
2026-06-05 01:41:03 [http-nio-8080-exec-8] INFO  com.example.innowisefourthproject.service.impl.OrderServiceImpl - findOrders in db
2026-06-05 01:41:03 [http-nio-8080-exec-8] INFO  com.example.innowisefourthproject.dao.impl.OrderDaoImpl - Finding orders by user id: 4
2026-06-05 01:41:03 [http-nio-8080-exec-8] INFO  com.example.innowisefourthproject.controller.Controller - Page after command: pages/orders.jsp
2026-06-05 01:41:04 [http-nio-8080-exec-9] INFO  com.example.innowisefourthproject.controller.Controller - Command from request: cancel_order
2026-06-05 01:41:04 [http-nio-8080-exec-9] INFO  com.example.innowisefourthproject.controller.Controller - Command class: CancelOrderCommand
2026-06-05 01:41:04 [http-nio-8080-exec-9] INFO  com.example.innowisefourthproject.service.impl.OrderServiceImpl - Cancel order
2026-06-05 01:41:04 [http-nio-8080-exec-9] INFO  com.example.innowisefourthproject.dao.impl.OrderDaoImpl - Finding order by id: 2
2026-06-05 01:41:04 [http-nio-8080-exec-9] INFO  com.example.innowisefourthproject.dao.impl.OrderDaoImpl - Updating order status. orderId=2, status=CANCELLED
2026-06-05 01:41:04 [http-nio-8080-exec-9] INFO  com.example.innowisefourthproject.service.impl.OrderServiceImpl - findOrders in db
2026-06-05 01:41:04 [http-nio-8080-exec-9] INFO  com.example.innowisefourthproject.dao.impl.OrderDaoImpl - Finding orders by user id: 4
2026-06-05 01:41:04 [http-nio-8080-exec-9] INFO  com.example.innowisefourthproject.controller.Controller - Page after command: pages/orders.jsp
2026-06-05 01:41:05 [http-nio-8080-exec-10] INFO  com.example.innowisefourthproject.controller.Controller - Command from request: cancel_order
2026-06-05 01:41:05 [http-nio-8080-exec-10] INFO  com.example.innowisefourthproject.controller.Controller - Command class: CancelOrderCommand
2026-06-05 01:41:05 [http-nio-8080-exec-10] INFO  com.example.innowisefourthproject.service.impl.OrderServiceImpl - Cancel order
2026-06-05 01:41:05 [http-nio-8080-exec-10] INFO  com.example.innowisefourthproject.dao.impl.OrderDaoImpl - Finding order by id: 4
2026-06-05 01:41:05 [http-nio-8080-exec-10] INFO  com.example.innowisefourthproject.dao.impl.OrderDaoImpl - Updating order status. orderId=4, status=CANCELLED
2026-06-05 01:41:05 [http-nio-8080-exec-10] INFO  com.example.innowisefourthproject.service.impl.OrderServiceImpl - findOrders in db
2026-06-05 01:41:05 [http-nio-8080-exec-10] INFO  com.example.innowisefourthproject.dao.impl.OrderDaoImpl - Finding orders by user id: 4
2026-06-05 01:41:05 [http-nio-8080-exec-10] INFO  com.example.innowisefourthproject.controller.Controller - Page after command: pages/orders.jsp
2026-06-05 01:41:08 [http-nio-8080-exec-1] INFO  com.example.innowisefourthproject.controller.Controller - Command from request: show_items
2026-06-05 01:41:08 [http-nio-8080-exec-1] INFO  com.example.innowisefourthproject.controller.Controller - Command class: ShowItemsCommand
2026-06-05 01:41:08 [http-nio-8080-exec-1] INFO  com.example.innowisefourthproject.dao.impl.ItemDaoImpl - Find all item from db
2026-06-05 01:41:08 [http-nio-8080-exec-1] INFO  com.example.innowisefourthproject.dao.impl.ItemDaoImpl - Foud 4 items
2026-06-05 01:41:08 [http-nio-8080-exec-1] INFO  com.example.innowisefourthproject.controller.Controller - Page after command: pages/items.jsp
2026-06-05 01:41:08 [http-nio-8080-exec-2] INFO  com.example.innowisefourthproject.controller.Controller - Command from request: create_order
2026-06-05 01:41:08 [http-nio-8080-exec-2] INFO  com.example.innowisefourthproject.controller.Controller - Command class: CreateOrderCommand
2026-06-05 01:41:08 [http-nio-8080-exec-2] INFO  com.example.innowisefourthproject.service.impl.OrderServiceImpl - createOrder in OrderServiceImpl
2026-06-05 01:41:09 [http-nio-8080-exec-2] INFO  com.example.innowisefourthproject.dao.impl.OrderDaoImpl - Creating order
2026-06-05 01:41:09 [http-nio-8080-exec-2] INFO  com.example.innowisefourthproject.service.impl.OrderServiceImpl - findOrders in db
2026-06-05 01:41:09 [http-nio-8080-exec-2] INFO  com.example.innowisefourthproject.dao.impl.OrderDaoImpl - Finding orders by user id: 4
2026-06-05 01:41:09 [http-nio-8080-exec-2] INFO  com.example.innowisefourthproject.command.impl.CreateOrderCommand - CreateOrderCommand returns page: pages/orders.jsp
2026-06-05 01:41:09 [http-nio-8080-exec-2] INFO  com.example.innowisefourthproject.controller.Controller - Page after command: pages/orders.jsp
2026-06-05 01:41:11 [http-nio-8080-exec-4] INFO  com.example.innowisefourthproject.controller.Controller - Command from request: show_items
2026-06-05 01:41:11 [http-nio-8080-exec-4] INFO  com.example.innowisefourthproject.controller.Controller - Command class: ShowItemsCommand
2026-06-05 01:41:11 [http-nio-8080-exec-4] INFO  com.example.innowisefourthproject.dao.impl.ItemDaoImpl - Find all item from db
2026-06-05 01:41:11 [http-nio-8080-exec-4] INFO  com.example.innowisefourthproject.dao.impl.ItemDaoImpl - Foud 4 items
2026-06-05 01:41:11 [http-nio-8080-exec-4] INFO  com.example.innowisefourthproject.controller.Controller - Page after command: pages/items.jsp
2026-06-05 01:41:12 [http-nio-8080-exec-5] INFO  com.example.innowisefourthproject.controller.Controller - Command from request: create_order
2026-06-05 01:41:12 [http-nio-8080-exec-5] INFO  com.example.innowisefourthproject.controller.Controller - Command class: CreateOrderCommand
2026-06-05 01:41:12 [http-nio-8080-exec-5] INFO  com.example.innowisefourthproject.service.impl.OrderServiceImpl - createOrder in OrderServiceImpl
2026-06-05 01:41:12 [http-nio-8080-exec-5] INFO  com.example.innowisefourthproject.dao.impl.OrderDaoImpl - Creating order
2026-06-05 01:41:12 [http-nio-8080-exec-5] INFO  com.example.innowisefourthproject.service.impl.OrderServiceImpl - findOrders in db
2026-06-05 01:41:12 [http-nio-8080-exec-5] INFO  com.example.innowisefourthproject.dao.impl.OrderDaoImpl - Finding orders by user id: 4
2026-06-05 01:41:12 [http-nio-8080-exec-5] INFO  com.example.innowisefourthproject.command.impl.CreateOrderCommand - CreateOrderCommand returns page: pages/orders.jsp
2026-06-05 01:41:12 [http-nio-8080-exec-5] INFO  com.example.innowisefourthproject.controller.Controller - Page after command: pages/orders.jsp
2026-06-05 01:42:50 [http-nio-8080-exec-9] INFO  com.example.innowisefourthproject.controller.Controller - Command from request: logout
2026-06-05 01:42:50 [http-nio-8080-exec-9] INFO  com.example.innowisefourthproject.controller.Controller - Command class: LogoutCommand
2026-06-05 01:42:50 [http-nio-8080-exec-9] INFO  com.example.innowisefourthproject.listner.SessionCreateListenerImpl - ---------->  sessionDestroyed: 1CCE8E11C25138503085926B4BAB52DD
2026-06-05 01:42:50 [http-nio-8080-exec-9] INFO  com.example.innowisefourthproject.controller.Controller - Page after command: index.jsp
2026-06-05 01:42:50 [http-nio-8080-exec-9] INFO  com.example.innowisefourthproject.listner.SessionCreateListenerImpl - ---------->  sessionCreated: CB600F95299908B87428EDC01EDB61DB
2026-06-05 01:42:54 [http-nio-8080-exec-10] INFO  com.example.innowisefourthproject.controller.Controller - Command from request: login
2026-06-05 01:42:54 [http-nio-8080-exec-10] INFO  com.example.innowisefourthproject.controller.Controller - Command class: LoginCommand
2026-06-05 01:42:54 [http-nio-8080-exec-10] INFO  com.example.innowisefourthproject.dao.impl.UserDaoImpl - Find user by login: qwer
2026-06-05 01:42:54 [http-nio-8080-exec-10] INFO  com.example.innowisefourthproject.listner.SessionAttributeListenerImpl - +++<<<------->  attributeAdded:null
2026-06-05 01:42:54 [http-nio-8080-exec-10] INFO  com.example.innowisefourthproject.listner.SessionAttributeListenerImpl - +++<<<------->  attributeAdded:null
2026-06-05 01:42:54 [http-nio-8080-exec-10] INFO  com.example.innowisefourthproject.listner.SessionAttributeListenerImpl - +++<<<------->  attributeAdded:null
2026-06-05 01:42:54 [http-nio-8080-exec-10] INFO  com.example.innowisefourthproject.listner.SessionAttributeListenerImpl - +++<<<------->  attributeAdded:pages/main.jsp
2026-06-05 01:42:54 [http-nio-8080-exec-10] INFO  com.example.innowisefourthproject.controller.Controller - Page after command: pages/main.jsp
2026-06-05 01:42:56 [http-nio-8080-exec-1] INFO  com.example.innowisefourthproject.controller.Controller - Command from request: show_orders
2026-06-05 01:42:56 [http-nio-8080-exec-1] INFO  com.example.innowisefourthproject.controller.Controller - Command class: ShowOrdersCommand
2026-06-05 01:42:56 [http-nio-8080-exec-1] INFO  com.example.innowisefourthproject.service.impl.OrderServiceImpl - findOrders in db
2026-06-05 01:42:56 [http-nio-8080-exec-1] INFO  com.example.innowisefourthproject.dao.impl.OrderDaoImpl - Finding all orders
2026-06-05 01:42:56 [http-nio-8080-exec-1] INFO  com.example.innowisefourthproject.controller.Controller - Page after command: pages/orders.jsp
2026-06-05 01:42:58 [http-nio-8080-exec-2] INFO  com.example.innowisefourthproject.controller.Controller - Command from request: complete_order
2026-06-05 01:42:58 [http-nio-8080-exec-2] INFO  com.example.innowisefourthproject.controller.Controller - Command class: CompleteOrderCommand
2026-06-05 01:42:58 [http-nio-8080-exec-2] INFO  com.example.innowisefourthproject.service.impl.OrderServiceImpl - CompleteOrder
2026-06-05 01:42:58 [http-nio-8080-exec-2] INFO  com.example.innowisefourthproject.dao.impl.OrderDaoImpl - Finding order by id: 6
2026-06-05 01:42:58 [http-nio-8080-exec-2] INFO  com.example.innowisefourthproject.dao.impl.OrderDaoImpl - Updating order status. orderId=6, status=COMPLETED
2026-06-05 01:42:58 [http-nio-8080-exec-2] ERROR com.example.innowisefourthproject.dao.impl.OrderDaoImpl - Error updating order status. orderId=6, status=COMPLETED
org.postgresql.util.PSQLException: ERROR: new row for relation "orders" violates check constraint "orders_status_check"
  Подробности: Failing row contains (6, 4, 4, COMPLETED, 2026-06-05 01:41:12.465124).
	at org.postgresql.core.v3.QueryExecutorImpl.receiveErrorResponse(QueryExecutorImpl.java:2734) ~[postgresql-42.7.7.jar:42.7.7]
	at org.postgresql.core.v3.QueryExecutorImpl.processResults(QueryExecutorImpl.java:2421) ~[postgresql-42.7.7.jar:42.7.7]
	at org.postgresql.core.v3.QueryExecutorImpl.execute(QueryExecutorImpl.java:372) ~[postgresql-42.7.7.jar:42.7.7]
	at org.postgresql.jdbc.PgStatement.executeInternal(PgStatement.java:518) ~[postgresql-42.7.7.jar:42.7.7]
	at org.postgresql.jdbc.PgStatement.execute(PgStatement.java:435) ~[postgresql-42.7.7.jar:42.7.7]
	at org.postgresql.jdbc.PgPreparedStatement.executeWithFlags(PgPreparedStatement.java:196) ~[postgresql-42.7.7.jar:42.7.7]
	at org.postgresql.jdbc.PgPreparedStatement.executeUpdate(PgPreparedStatement.java:157) ~[postgresql-42.7.7.jar:42.7.7]
	at com.example.innowisefourthproject.dao.impl.OrderDaoImpl.updateStatus(OrderDaoImpl.java:218) [classes/:?]
	at com.example.innowisefourthproject.service.impl.OrderServiceImpl.completeOrder(OrderServiceImpl.java:118) [classes/:?]
	at com.example.innowisefourthproject.command.impl.CompleteOrderCommand.execute(CompleteOrderCommand.java:37) [classes/:?]
	at com.example.innowisefourthproject.controller.Controller.processRequest(Controller.java:58) [classes/:?]
	at com.example.innowisefourthproject.controller.Controller.doPost(Controller.java:37) [classes/:?]
	at jakarta.servlet.http.HttpServlet.service(HttpServlet.java:590) [servlet-api.jar:6.0]
	at jakarta.servlet.http.HttpServlet.service(HttpServlet.java:658) [servlet-api.jar:6.0]
	at org.apache.catalina.core.ApplicationFilterChain.internalDoFilter(ApplicationFilterChain.java:193) [catalina.jar:10.1.55]
	at org.apache.catalina.core.ApplicationFilterChain.doFilter(ApplicationFilterChain.java:138) [catalina.jar:10.1.55]
	at org.apache.tomcat.websocket.server.WsFilter.doFilter(WsFilter.java:51) [tomcat-websocket.jar:10.1.55]
	at org.apache.catalina.core.ApplicationFilterChain.internalDoFilter(ApplicationFilterChain.java:162) [catalina.jar:10.1.55]
	at org.apache.catalina.core.ApplicationFilterChain.doFilter(ApplicationFilterChain.java:138) [catalina.jar:10.1.55]
	at org.apache.catalina.core.StandardWrapperValve.invoke(StandardWrapperValve.java:165) [catalina.jar:10.1.55]
	at org.apache.catalina.core.StandardContextValve.invoke(StandardContextValve.java:88) [catalina.jar:10.1.55]
	at org.apache.catalina.authenticator.AuthenticatorBase.invoke(AuthenticatorBase.java:492) [catalina.jar:10.1.55]
	at org.apache.catalina.core.StandardHostValve.invoke(StandardHostValve.java:113) [catalina.jar:10.1.55]
	at org.apache.catalina.valves.ErrorReportValve.invoke(ErrorReportValve.java:83) [catalina.jar:10.1.55]
	at org.apache.catalina.valves.AbstractAccessLogValve.invoke(AbstractAccessLogValve.java:782) [catalina.jar:10.1.55]
	at org.apache.catalina.core.StandardEngineValve.invoke(StandardEngineValve.java:72) [catalina.jar:10.1.55]
	at org.apache.catalina.connector.CoyoteAdapter.service(CoyoteAdapter.java:342) [catalina.jar:10.1.55]
	at org.apache.coyote.http11.Http11Processor.service(Http11Processor.java:399) [tomcat-coyote.jar:10.1.55]
	at org.apache.coyote.AbstractProcessorLight.process(AbstractProcessorLight.java:63) [tomcat-coyote.jar:10.1.55]
	at org.apache.coyote.AbstractProtocol$ConnectionHandler.process(AbstractProtocol.java:1272) [tomcat-coyote.jar:10.1.55]
	at org.apache.tomcat.util.net.NioEndpoint$SocketProcessor.doRun(NioEndpoint.java:1797) [tomcat-coyote.jar:10.1.55]
	at org.apache.tomcat.util.net.SocketProcessorBase.run(SocketProcessorBase.java:52) [tomcat-coyote.jar:10.1.55]
	at org.apache.tomcat.util.threads.ThreadPoolExecutor.runWorker(ThreadPoolExecutor.java:973) [tomcat-util.jar:10.1.55]
	at org.apache.tomcat.util.threads.ThreadPoolExecutor$Worker.run(ThreadPoolExecutor.java:491) [tomcat-util.jar:10.1.55]
	at org.apache.tomcat.util.threads.TaskThread$WrappingRunnable.run(TaskThread.java:63) [tomcat-util.jar:10.1.55]
	at java.base/java.lang.Thread.run(Thread.java:840) [?:?]
2026-06-05 01:42:58 [http-nio-8080-exec-2] ERROR com.example.innowisefourthproject.service.impl.OrderServiceImpl - Error to complete order 
com.example.innowisefourthproject.exception.DaoException: Failed to update order status
	at com.example.innowisefourthproject.dao.impl.OrderDaoImpl.updateStatus(OrderDaoImpl.java:222) ~[classes/:?]
	at com.example.innowisefourthproject.service.impl.OrderServiceImpl.completeOrder(OrderServiceImpl.java:118) [classes/:?]
	at com.example.innowisefourthproject.command.impl.CompleteOrderCommand.execute(CompleteOrderCommand.java:37) [classes/:?]
	at com.example.innowisefourthproject.controller.Controller.processRequest(Controller.java:58) [classes/:?]
	at com.example.innowisefourthproject.controller.Controller.doPost(Controller.java:37) [classes/:?]
	at jakarta.servlet.http.HttpServlet.service(HttpServlet.java:590) [servlet-api.jar:6.0]
	at jakarta.servlet.http.HttpServlet.service(HttpServlet.java:658) [servlet-api.jar:6.0]
	at org.apache.catalina.core.ApplicationFilterChain.internalDoFilter(ApplicationFilterChain.java:193) [catalina.jar:10.1.55]
	at org.apache.catalina.core.ApplicationFilterChain.doFilter(ApplicationFilterChain.java:138) [catalina.jar:10.1.55]
	at org.apache.tomcat.websocket.server.WsFilter.doFilter(WsFilter.java:51) [tomcat-websocket.jar:10.1.55]
	at org.apache.catalina.core.ApplicationFilterChain.internalDoFilter(ApplicationFilterChain.java:162) [catalina.jar:10.1.55]
	at org.apache.catalina.core.ApplicationFilterChain.doFilter(ApplicationFilterChain.java:138) [catalina.jar:10.1.55]
	at org.apache.catalina.core.StandardWrapperValve.invoke(StandardWrapperValve.java:165) [catalina.jar:10.1.55]
	at org.apache.catalina.core.StandardContextValve.invoke(StandardContextValve.java:88) [catalina.jar:10.1.55]
	at org.apache.catalina.authenticator.AuthenticatorBase.invoke(AuthenticatorBase.java:492) [catalina.jar:10.1.55]
	at org.apache.catalina.core.StandardHostValve.invoke(StandardHostValve.java:113) [catalina.jar:10.1.55]
	at org.apache.catalina.valves.ErrorReportValve.invoke(ErrorReportValve.java:83) [catalina.jar:10.1.55]
	at org.apache.catalina.valves.AbstractAccessLogValve.invoke(AbstractAccessLogValve.java:782) [catalina.jar:10.1.55]
	at org.apache.catalina.core.StandardEngineValve.invoke(StandardEngineValve.java:72) [catalina.jar:10.1.55]
	at org.apache.catalina.connector.CoyoteAdapter.service(CoyoteAdapter.java:342) [catalina.jar:10.1.55]
	at org.apache.coyote.http11.Http11Processor.service(Http11Processor.java:399) [tomcat-coyote.jar:10.1.55]
	at org.apache.coyote.AbstractProcessorLight.process(AbstractProcessorLight.java:63) [tomcat-coyote.jar:10.1.55]
	at org.apache.coyote.AbstractProtocol$ConnectionHandler.process(AbstractProtocol.java:1272) [tomcat-coyote.jar:10.1.55]
	at org.apache.tomcat.util.net.NioEndpoint$SocketProcessor.doRun(NioEndpoint.java:1797) [tomcat-coyote.jar:10.1.55]
	at org.apache.tomcat.util.net.SocketProcessorBase.run(SocketProcessorBase.java:52) [tomcat-coyote.jar:10.1.55]
	at org.apache.tomcat.util.threads.ThreadPoolExecutor.runWorker(ThreadPoolExecutor.java:973) [tomcat-util.jar:10.1.55]
	at org.apache.tomcat.util.threads.ThreadPoolExecutor$Worker.run(ThreadPoolExecutor.java:491) [tomcat-util.jar:10.1.55]
	at org.apache.tomcat.util.threads.TaskThread$WrappingRunnable.run(TaskThread.java:63) [tomcat-util.jar:10.1.55]
	at java.base/java.lang.Thread.run(Thread.java:840) [?:?]
Caused by: org.postgresql.util.PSQLException: ERROR: new row for relation "orders" violates check constraint "orders_status_check"
  Подробности: Failing row contains (6, 4, 4, COMPLETED, 2026-06-05 01:41:12.465124).
	at org.postgresql.core.v3.QueryExecutorImpl.receiveErrorResponse(QueryExecutorImpl.java:2734) ~[postgresql-42.7.7.jar:42.7.7]
	at org.postgresql.core.v3.QueryExecutorImpl.processResults(QueryExecutorImpl.java:2421) ~[postgresql-42.7.7.jar:42.7.7]
	at org.postgresql.core.v3.QueryExecutorImpl.execute(QueryExecutorImpl.java:372) ~[postgresql-42.7.7.jar:42.7.7]
	at org.postgresql.jdbc.PgStatement.executeInternal(PgStatement.java:518) ~[postgresql-42.7.7.jar:42.7.7]
	at org.postgresql.jdbc.PgStatement.execute(PgStatement.java:435) ~[postgresql-42.7.7.jar:42.7.7]
	at org.postgresql.jdbc.PgPreparedStatement.executeWithFlags(PgPreparedStatement.java:196) ~[postgresql-42.7.7.jar:42.7.7]
	at org.postgresql.jdbc.PgPreparedStatement.executeUpdate(PgPreparedStatement.java:157) ~[postgresql-42.7.7.jar:42.7.7]
	at com.example.innowisefourthproject.dao.impl.OrderDaoImpl.updateStatus(OrderDaoImpl.java:218) ~[classes/:?]
	... 28 more
2026-06-05 01:42:58 [http-nio-8080-exec-2] INFO  com.example.innowisefourthproject.service.impl.OrderServiceImpl - findOrders in db
2026-06-05 01:42:58 [http-nio-8080-exec-2] INFO  com.example.innowisefourthproject.dao.impl.OrderDaoImpl - Finding all orders
2026-06-05 01:42:58 [http-nio-8080-exec-2] INFO  com.example.innowisefourthproject.controller.Controller - Page after command: pages/orders.jsp
2026-06-05 01:42:59 [http-nio-8080-exec-3] INFO  com.example.innowisefourthproject.controller.Controller - Command from request: complete_order
2026-06-05 01:42:59 [http-nio-8080-exec-3] INFO  com.example.innowisefourthproject.controller.Controller - Command class: CompleteOrderCommand
2026-06-05 01:42:59 [http-nio-8080-exec-3] INFO  com.example.innowisefourthproject.service.impl.OrderServiceImpl - CompleteOrder
2026-06-05 01:42:59 [http-nio-8080-exec-3] INFO  com.example.innowisefourthproject.dao.impl.OrderDaoImpl - Finding order by id: 5
2026-06-05 01:42:59 [http-nio-8080-exec-3] INFO  com.example.innowisefourthproject.dao.impl.OrderDaoImpl - Updating order status. orderId=5, status=COMPLETED
2026-06-05 01:42:59 [http-nio-8080-exec-3] ERROR com.example.innowisefourthproject.dao.impl.OrderDaoImpl - Error updating order status. orderId=5, status=COMPLETED
org.postgresql.util.PSQLException: ERROR: new row for relation "orders" violates check constraint "orders_status_check"
  Подробности: Failing row contains (5, 4, 2, COMPLETED, 2026-06-05 01:41:09.00324).
	at org.postgresql.core.v3.QueryExecutorImpl.receiveErrorResponse(QueryExecutorImpl.java:2734) ~[postgresql-42.7.7.jar:42.7.7]
	at org.postgresql.core.v3.QueryExecutorImpl.processResults(QueryExecutorImpl.java:2421) ~[postgresql-42.7.7.jar:42.7.7]
	at org.postgresql.core.v3.QueryExecutorImpl.execute(QueryExecutorImpl.java:372) ~[postgresql-42.7.7.jar:42.7.7]
	at org.postgresql.jdbc.PgStatement.executeInternal(PgStatement.java:518) ~[postgresql-42.7.7.jar:42.7.7]
	at org.postgresql.jdbc.PgStatement.execute(PgStatement.java:435) ~[postgresql-42.7.7.jar:42.7.7]
	at org.postgresql.jdbc.PgPreparedStatement.executeWithFlags(PgPreparedStatement.java:196) ~[postgresql-42.7.7.jar:42.7.7]
	at org.postgresql.jdbc.PgPreparedStatement.executeUpdate(PgPreparedStatement.java:157) ~[postgresql-42.7.7.jar:42.7.7]
	at com.example.innowisefourthproject.dao.impl.OrderDaoImpl.updateStatus(OrderDaoImpl.java:218) [classes/:?]
	at com.example.innowisefourthproject.service.impl.OrderServiceImpl.completeOrder(OrderServiceImpl.java:118) [classes/:?]
	at com.example.innowisefourthproject.command.impl.CompleteOrderCommand.execute(CompleteOrderCommand.java:37) [classes/:?]
	at com.example.innowisefourthproject.controller.Controller.processRequest(Controller.java:58) [classes/:?]
	at com.example.innowisefourthproject.controller.Controller.doPost(Controller.java:37) [classes/:?]
	at jakarta.servlet.http.HttpServlet.service(HttpServlet.java:590) [servlet-api.jar:6.0]
	at jakarta.servlet.http.HttpServlet.service(HttpServlet.java:658) [servlet-api.jar:6.0]
	at org.apache.catalina.core.ApplicationFilterChain.internalDoFilter(ApplicationFilterChain.java:193) [catalina.jar:10.1.55]
	at org.apache.catalina.core.ApplicationFilterChain.doFilter(ApplicationFilterChain.java:138) [catalina.jar:10.1.55]
	at org.apache.tomcat.websocket.server.WsFilter.doFilter(WsFilter.java:51) [tomcat-websocket.jar:10.1.55]
	at org.apache.catalina.core.ApplicationFilterChain.internalDoFilter(ApplicationFilterChain.java:162) [catalina.jar:10.1.55]
	at org.apache.catalina.core.ApplicationFilterChain.doFilter(ApplicationFilterChain.java:138) [catalina.jar:10.1.55]
	at org.apache.catalina.core.StandardWrapperValve.invoke(StandardWrapperValve.java:165) [catalina.jar:10.1.55]
	at org.apache.catalina.core.StandardContextValve.invoke(StandardContextValve.java:88) [catalina.jar:10.1.55]
	at org.apache.catalina.authenticator.AuthenticatorBase.invoke(AuthenticatorBase.java:492) [catalina.jar:10.1.55]
	at org.apache.catalina.core.StandardHostValve.invoke(StandardHostValve.java:113) [catalina.jar:10.1.55]
	at org.apache.catalina.valves.ErrorReportValve.invoke(ErrorReportValve.java:83) [catalina.jar:10.1.55]
	at org.apache.catalina.valves.AbstractAccessLogValve.invoke(AbstractAccessLogValve.java:782) [catalina.jar:10.1.55]
	at org.apache.catalina.core.StandardEngineValve.invoke(StandardEngineValve.java:72) [catalina.jar:10.1.55]
	at org.apache.catalina.connector.CoyoteAdapter.service(CoyoteAdapter.java:342) [catalina.jar:10.1.55]
	at org.apache.coyote.http11.Http11Processor.service(Http11Processor.java:399) [tomcat-coyote.jar:10.1.55]
	at org.apache.coyote.AbstractProcessorLight.process(AbstractProcessorLight.java:63) [tomcat-coyote.jar:10.1.55]
	at org.apache.coyote.AbstractProtocol$ConnectionHandler.process(AbstractProtocol.java:1272) [tomcat-coyote.jar:10.1.55]
	at org.apache.tomcat.util.net.NioEndpoint$SocketProcessor.doRun(NioEndpoint.java:1797) [tomcat-coyote.jar:10.1.55]
	at org.apache.tomcat.util.net.SocketProcessorBase.run(SocketProcessorBase.java:52) [tomcat-coyote.jar:10.1.55]
	at org.apache.tomcat.util.threads.ThreadPoolExecutor.runWorker(ThreadPoolExecutor.java:973) [tomcat-util.jar:10.1.55]
	at org.apache.tomcat.util.threads.ThreadPoolExecutor$Worker.run(ThreadPoolExecutor.java:491) [tomcat-util.jar:10.1.55]
	at org.apache.tomcat.util.threads.TaskThread$WrappingRunnable.run(TaskThread.java:63) [tomcat-util.jar:10.1.55]
	at java.base/java.lang.Thread.run(Thread.java:840) [?:?]
2026-06-05 01:42:59 [http-nio-8080-exec-3] ERROR com.example.innowisefourthproject.service.impl.OrderServiceImpl - Error to complete order 
com.example.innowisefourthproject.exception.DaoException: Failed to update order status
	at com.example.innowisefourthproject.dao.impl.OrderDaoImpl.updateStatus(OrderDaoImpl.java:222) ~[classes/:?]
	at com.example.innowisefourthproject.service.impl.OrderServiceImpl.completeOrder(OrderServiceImpl.java:118) [classes/:?]
	at com.example.innowisefourthproject.command.impl.CompleteOrderCommand.execute(CompleteOrderCommand.java:37) [classes/:?]
	at com.example.innowisefourthproject.controller.Controller.processRequest(Controller.java:58) [classes/:?]
	at com.example.innowisefourthproject.controller.Controller.doPost(Controller.java:37) [classes/:?]
	at jakarta.servlet.http.HttpServlet.service(HttpServlet.java:590) [servlet-api.jar:6.0]
	at jakarta.servlet.http.HttpServlet.service(HttpServlet.java:658) [servlet-api.jar:6.0]
	at org.apache.catalina.core.ApplicationFilterChain.internalDoFilter(ApplicationFilterChain.java:193) [catalina.jar:10.1.55]
	at org.apache.catalina.core.ApplicationFilterChain.doFilter(ApplicationFilterChain.java:138) [catalina.jar:10.1.55]
	at org.apache.tomcat.websocket.server.WsFilter.doFilter(WsFilter.java:51) [tomcat-websocket.jar:10.1.55]
	at org.apache.catalina.core.ApplicationFilterChain.internalDoFilter(ApplicationFilterChain.java:162) [catalina.jar:10.1.55]
	at org.apache.catalina.core.ApplicationFilterChain.doFilter(ApplicationFilterChain.java:138) [catalina.jar:10.1.55]
	at org.apache.catalina.core.StandardWrapperValve.invoke(StandardWrapperValve.java:165) [catalina.jar:10.1.55]
	at org.apache.catalina.core.StandardContextValve.invoke(StandardContextValve.java:88) [catalina.jar:10.1.55]
	at org.apache.catalina.authenticator.AuthenticatorBase.invoke(AuthenticatorBase.java:492) [catalina.jar:10.1.55]
	at org.apache.catalina.core.StandardHostValve.invoke(StandardHostValve.java:113) [catalina.jar:10.1.55]
	at org.apache.catalina.valves.ErrorReportValve.invoke(ErrorReportValve.java:83) [catalina.jar:10.1.55]
	at org.apache.catalina.valves.AbstractAccessLogValve.invoke(AbstractAccessLogValve.java:782) [catalina.jar:10.1.55]
	at org.apache.catalina.core.StandardEngineValve.invoke(StandardEngineValve.java:72) [catalina.jar:10.1.55]
	at org.apache.catalina.connector.CoyoteAdapter.service(CoyoteAdapter.java:342) [catalina.jar:10.1.55]
	at org.apache.coyote.http11.Http11Processor.service(Http11Processor.java:399) [tomcat-coyote.jar:10.1.55]
	at org.apache.coyote.AbstractProcessorLight.process(AbstractProcessorLight.java:63) [tomcat-coyote.jar:10.1.55]
	at org.apache.coyote.AbstractProtocol$ConnectionHandler.process(AbstractProtocol.java:1272) [tomcat-coyote.jar:10.1.55]
	at org.apache.tomcat.util.net.NioEndpoint$SocketProcessor.doRun(NioEndpoint.java:1797) [tomcat-coyote.jar:10.1.55]
	at org.apache.tomcat.util.net.SocketProcessorBase.run(SocketProcessorBase.java:52) [tomcat-coyote.jar:10.1.55]
	at org.apache.tomcat.util.threads.ThreadPoolExecutor.runWorker(ThreadPoolExecutor.java:973) [tomcat-util.jar:10.1.55]
	at org.apache.tomcat.util.threads.ThreadPoolExecutor$Worker.run(ThreadPoolExecutor.java:491) [tomcat-util.jar:10.1.55]
	at org.apache.tomcat.util.threads.TaskThread$WrappingRunnable.run(TaskThread.java:63) [tomcat-util.jar:10.1.55]
	at java.base/java.lang.Thread.run(Thread.java:840) [?:?]
Caused by: org.postgresql.util.PSQLException: ERROR: new row for relation "orders" violates check constraint "orders_status_check"
  Подробности: Failing row contains (5, 4, 2, COMPLETED, 2026-06-05 01:41:09.00324).
	at org.postgresql.core.v3.QueryExecutorImpl.receiveErrorResponse(QueryExecutorImpl.java:2734) ~[postgresql-42.7.7.jar:42.7.7]
	at org.postgresql.core.v3.QueryExecutorImpl.processResults(QueryExecutorImpl.java:2421) ~[postgresql-42.7.7.jar:42.7.7]
	at org.postgresql.core.v3.QueryExecutorImpl.execute(QueryExecutorImpl.java:372) ~[postgresql-42.7.7.jar:42.7.7]
	at org.postgresql.jdbc.PgStatement.executeInternal(PgStatement.java:518) ~[postgresql-42.7.7.jar:42.7.7]
	at org.postgresql.jdbc.PgStatement.execute(PgStatement.java:435) ~[postgresql-42.7.7.jar:42.7.7]
	at org.postgresql.jdbc.PgPreparedStatement.executeWithFlags(PgPreparedStatement.java:196) ~[postgresql-42.7.7.jar:42.7.7]
	at org.postgresql.jdbc.PgPreparedStatement.executeUpdate(PgPreparedStatement.java:157) ~[postgresql-42.7.7.jar:42.7.7]
	at com.example.innowisefourthproject.dao.impl.OrderDaoImpl.updateStatus(OrderDaoImpl.java:218) ~[classes/:?]
	... 28 more
2026-06-05 01:42:59 [http-nio-8080-exec-3] INFO  com.example.innowisefourthproject.service.impl.OrderServiceImpl - findOrders in db
2026-06-05 01:42:59 [http-nio-8080-exec-3] INFO  com.example.innowisefourthproject.dao.impl.OrderDaoImpl - Finding all orders
2026-06-05 01:42:59 [http-nio-8080-exec-3] INFO  com.example.innowisefourthproject.controller.Controller - Page after command: pages/orders.jsp
2026-06-05 01:46:28 [main] INFO  com.example.innowisefourthproject.pool.ConnectionPool - Connection pool was destroyed
2026-06-05 01:46:28 [main] INFO  com.example.innowisefourthproject.controller.Controller - Servlet destroyed: 
2026-06-05 01:46:28 [main] INFO  com.example.innowisefourthproject.listner.SessionCreateListenerImpl - ---------->  sessionDestroyed: CB600F95299908B87428EDC01EDB61DB
2026-06-05 01:46:28 [main] INFO  com.example.innowisefourthproject.listner.SessionCreateListenerImpl - ---------->  sessionDestroyed: 419BF2CCCEEE4EED0ED45E46BBA485EB
2026-06-05 01:46:28 [main] INFO  com.example.innowisefourthproject.listner.ServletContextListenerImpl - --------contextInitialized : Apache Tomcat/10.1.55
2026-06-05 01:46:31 [RMI TCP Connection(2)-127.0.0.1] INFO  com.example.innowisefourthproject.listner.ServletContextListenerImpl - ++++++ contextInitialized : null
2026-06-05 01:46:32 [http-nio-8080-exec-1] INFO  com.example.innowisefourthproject.listner.SessionCreateListenerImpl - ---------->  sessionCreated: DE98028C717C52298C49E79898BF6331
2026-06-05 01:46:32 [http-nio-8080-exec-4] INFO  com.example.innowisefourthproject.listner.SessionCreateListenerImpl - ---------->  sessionCreated: 25E8A9827DC9E57F0E579AFD6200F593
2026-06-05 01:46:49 [http-nio-8080-exec-5] INFO  com.example.innowisefourthproject.controller.Controller - Servlet initialized: 
2026-06-05 01:46:49 [http-nio-8080-exec-5] INFO  com.example.innowisefourthproject.pool.ConnectionPool - Connection number 1 was created
2026-06-05 01:46:49 [http-nio-8080-exec-5] INFO  com.example.innowisefourthproject.pool.ConnectionPool - Connection number 2 was created
2026-06-05 01:46:49 [http-nio-8080-exec-5] INFO  com.example.innowisefourthproject.pool.ConnectionPool - Connection number 3 was created
2026-06-05 01:46:49 [http-nio-8080-exec-5] INFO  com.example.innowisefourthproject.pool.ConnectionPool - Connection number 4 was created
2026-06-05 01:46:49 [http-nio-8080-exec-5] INFO  com.example.innowisefourthproject.pool.ConnectionPool - Connection number 5 was created
2026-06-05 01:46:49 [http-nio-8080-exec-5] INFO  com.example.innowisefourthproject.pool.ConnectionPool - Connection number 6 was created
2026-06-05 01:46:49 [http-nio-8080-exec-5] INFO  com.example.innowisefourthproject.pool.ConnectionPool - Connection number 7 was created
2026-06-05 01:46:49 [http-nio-8080-exec-5] INFO  com.example.innowisefourthproject.pool.ConnectionPool - Connection number 8 was created
2026-06-05 01:46:49 [http-nio-8080-exec-5] INFO  com.example.innowisefourthproject.pool.ConnectionPool - Connection number 9 was created
2026-06-05 01:46:49 [http-nio-8080-exec-5] INFO  com.example.innowisefourthproject.pool.ConnectionPool - Connection number 10 was created
2026-06-05 01:46:49 [http-nio-8080-exec-5] INFO  com.example.innowisefourthproject.pool.ConnectionPool - Connection pool was initialized. Pool size: 10
2026-06-05 01:46:49 [http-nio-8080-exec-5] INFO  com.example.innowisefourthproject.controller.Controller - Command from request: login
2026-06-05 01:46:49 [http-nio-8080-exec-5] INFO  com.example.innowisefourthproject.controller.Controller - Command class: LoginCommand
2026-06-05 01:46:49 [http-nio-8080-exec-5] INFO  com.example.innowisefourthproject.dao.impl.UserDaoImpl - Find user by login: qwe
2026-06-05 01:46:49 [http-nio-8080-exec-5] INFO  com.example.innowisefourthproject.listner.SessionAttributeListenerImpl - +++<<<------->  attributeAdded:null
2026-06-05 01:46:49 [http-nio-8080-exec-5] INFO  com.example.innowisefourthproject.listner.SessionAttributeListenerImpl - +++<<<------->  attributeAdded:null
2026-06-05 01:46:49 [http-nio-8080-exec-5] INFO  com.example.innowisefourthproject.listner.SessionAttributeListenerImpl - +++<<<------->  attributeAdded:null
2026-06-05 01:46:49 [http-nio-8080-exec-5] INFO  com.example.innowisefourthproject.listner.SessionAttributeListenerImpl - +++<<<------->  attributeAdded:pages/main.jsp
2026-06-05 01:46:49 [http-nio-8080-exec-5] INFO  com.example.innowisefourthproject.controller.Controller - Page after command: pages/main.jsp
2026-06-05 01:46:52 [http-nio-8080-exec-7] INFO  com.example.innowisefourthproject.controller.Controller - Command from request: show_items
2026-06-05 01:46:52 [http-nio-8080-exec-7] INFO  com.example.innowisefourthproject.controller.Controller - Command class: ShowItemsCommand
2026-06-05 01:46:52 [http-nio-8080-exec-7] INFO  com.example.innowisefourthproject.dao.impl.ItemDaoImpl - Find all item from db
2026-06-05 01:46:52 [http-nio-8080-exec-7] INFO  com.example.innowisefourthproject.dao.impl.ItemDaoImpl - Foud 4 items
2026-06-05 01:46:52 [http-nio-8080-exec-7] INFO  com.example.innowisefourthproject.controller.Controller - Page after command: pages/items.jsp
2026-06-05 01:46:54 [http-nio-8080-exec-8] INFO  com.example.innowisefourthproject.controller.Controller - Command from request: create_order
2026-06-05 01:46:54 [http-nio-8080-exec-8] INFO  com.example.innowisefourthproject.controller.Controller - Command class: CreateOrderCommand
2026-06-05 01:46:54 [http-nio-8080-exec-8] INFO  com.example.innowisefourthproject.service.impl.OrderServiceImpl - createOrder in OrderServiceImpl
2026-06-05 01:46:54 [http-nio-8080-exec-8] INFO  com.example.innowisefourthproject.dao.impl.OrderDaoImpl - Creating order
2026-06-05 01:46:54 [http-nio-8080-exec-8] INFO  com.example.innowisefourthproject.service.impl.OrderServiceImpl - findOrders in db
2026-06-05 01:46:54 [http-nio-8080-exec-8] INFO  com.example.innowisefourthproject.dao.impl.OrderDaoImpl - Finding orders by user id: 4
2026-06-05 01:46:54 [http-nio-8080-exec-8] INFO  com.example.innowisefourthproject.command.impl.CreateOrderCommand - CreateOrderCommand returns page: pages/orders.jsp
2026-06-05 01:46:54 [http-nio-8080-exec-8] INFO  com.example.innowisefourthproject.controller.Controller - Page after command: pages/orders.jsp
2026-06-05 01:46:59 [http-nio-8080-exec-9] INFO  com.example.innowisefourthproject.controller.Controller - Command from request: show_items
2026-06-05 01:46:59 [http-nio-8080-exec-9] INFO  com.example.innowisefourthproject.controller.Controller - Command class: ShowItemsCommand
2026-06-05 01:46:59 [http-nio-8080-exec-9] INFO  com.example.innowisefourthproject.dao.impl.ItemDaoImpl - Find all item from db
2026-06-05 01:46:59 [http-nio-8080-exec-9] INFO  com.example.innowisefourthproject.dao.impl.ItemDaoImpl - Foud 4 items
2026-06-05 01:46:59 [http-nio-8080-exec-9] INFO  com.example.innowisefourthproject.controller.Controller - Page after command: pages/items.jsp
2026-06-05 01:47:00 [http-nio-8080-exec-10] INFO  com.example.innowisefourthproject.controller.Controller - Command from request: create_order
2026-06-05 01:47:00 [http-nio-8080-exec-10] INFO  com.example.innowisefourthproject.controller.Controller - Command class: CreateOrderCommand
2026-06-05 01:47:00 [http-nio-8080-exec-10] INFO  com.example.innowisefourthproject.service.impl.OrderServiceImpl - createOrder in OrderServiceImpl
2026-06-05 01:47:00 [http-nio-8080-exec-10] INFO  com.example.innowisefourthproject.dao.impl.OrderDaoImpl - Creating order
2026-06-05 01:47:00 [http-nio-8080-exec-10] INFO  com.example.innowisefourthproject.service.impl.OrderServiceImpl - findOrders in db
2026-06-05 01:47:00 [http-nio-8080-exec-10] INFO  com.example.innowisefourthproject.dao.impl.OrderDaoImpl - Finding orders by user id: 4
2026-06-05 01:47:00 [http-nio-8080-exec-10] INFO  com.example.innowisefourthproject.command.impl.CreateOrderCommand - CreateOrderCommand returns page: pages/orders.jsp
2026-06-05 01:47:00 [http-nio-8080-exec-10] INFO  com.example.innowisefourthproject.controller.Controller - Page after command: pages/orders.jsp
2026-06-05 01:47:02 [http-nio-8080-exec-1] INFO  com.example.innowisefourthproject.controller.Controller - Command from request: show_items
2026-06-05 01:47:02 [http-nio-8080-exec-1] INFO  com.example.innowisefourthproject.controller.Controller - Command class: ShowItemsCommand
2026-06-05 01:47:02 [http-nio-8080-exec-1] INFO  com.example.innowisefourthproject.dao.impl.ItemDaoImpl - Find all item from db
2026-06-05 01:47:02 [http-nio-8080-exec-1] INFO  com.example.innowisefourthproject.dao.impl.ItemDaoImpl - Foud 4 items
2026-06-05 01:47:02 [http-nio-8080-exec-1] INFO  com.example.innowisefourthproject.controller.Controller - Page after command: pages/items.jsp
2026-06-05 01:47:03 [http-nio-8080-exec-2] INFO  com.example.innowisefourthproject.controller.Controller - Command from request: create_order
2026-06-05 01:47:03 [http-nio-8080-exec-2] INFO  com.example.innowisefourthproject.controller.Controller - Command class: CreateOrderCommand
2026-06-05 01:47:03 [http-nio-8080-exec-2] INFO  com.example.innowisefourthproject.service.impl.OrderServiceImpl - createOrder in OrderServiceImpl
2026-06-05 01:47:03 [http-nio-8080-exec-2] INFO  com.example.innowisefourthproject.dao.impl.OrderDaoImpl - Creating order
2026-06-05 01:47:03 [http-nio-8080-exec-2] INFO  com.example.innowisefourthproject.service.impl.OrderServiceImpl - findOrders in db
2026-06-05 01:47:03 [http-nio-8080-exec-2] INFO  com.example.innowisefourthproject.dao.impl.OrderDaoImpl - Finding orders by user id: 4
2026-06-05 01:47:03 [http-nio-8080-exec-2] INFO  com.example.innowisefourthproject.command.impl.CreateOrderCommand - CreateOrderCommand returns page: pages/orders.jsp
2026-06-05 01:47:03 [http-nio-8080-exec-2] INFO  com.example.innowisefourthproject.controller.Controller - Page after command: pages/orders.jsp
2026-06-05 01:47:08 [http-nio-8080-exec-4] INFO  com.example.innowisefourthproject.controller.Controller - Command from request: logout
2026-06-05 01:47:08 [http-nio-8080-exec-4] INFO  com.example.innowisefourthproject.controller.Controller - Command class: LogoutCommand
2026-06-05 01:47:08 [http-nio-8080-exec-4] INFO  com.example.innowisefourthproject.listner.SessionCreateListenerImpl - ---------->  sessionDestroyed: 25E8A9827DC9E57F0E579AFD6200F593
2026-06-05 01:47:08 [http-nio-8080-exec-4] INFO  com.example.innowisefourthproject.controller.Controller - Page after command: index.jsp
2026-06-05 01:47:08 [http-nio-8080-exec-4] INFO  com.example.innowisefourthproject.listner.SessionCreateListenerImpl - ---------->  sessionCreated: 920BD1DD64A186F8F9F34D8F9E93B5CA
2026-06-05 01:47:14 [http-nio-8080-exec-6] INFO  com.example.innowisefourthproject.controller.Controller - Command from request: login
2026-06-05 01:47:14 [http-nio-8080-exec-6] INFO  com.example.innowisefourthproject.controller.Controller - Command class: LoginCommand
2026-06-05 01:47:14 [http-nio-8080-exec-6] INFO  com.example.innowisefourthproject.dao.impl.UserDaoImpl - Find user by login: qwer
2026-06-05 01:47:14 [http-nio-8080-exec-6] INFO  com.example.innowisefourthproject.listner.SessionAttributeListenerImpl - +++<<<------->  attributeAdded:null
2026-06-05 01:47:14 [http-nio-8080-exec-6] INFO  com.example.innowisefourthproject.listner.SessionAttributeListenerImpl - +++<<<------->  attributeAdded:null
2026-06-05 01:47:14 [http-nio-8080-exec-6] INFO  com.example.innowisefourthproject.listner.SessionAttributeListenerImpl - +++<<<------->  attributeAdded:null
2026-06-05 01:47:14 [http-nio-8080-exec-6] INFO  com.example.innowisefourthproject.listner.SessionAttributeListenerImpl - +++<<<------->  attributeAdded:pages/main.jsp
2026-06-05 01:47:14 [http-nio-8080-exec-6] INFO  com.example.innowisefourthproject.controller.Controller - Page after command: pages/main.jsp
2026-06-05 01:47:17 [http-nio-8080-exec-7] INFO  com.example.innowisefourthproject.controller.Controller - Command from request: show_orders
2026-06-05 01:47:17 [http-nio-8080-exec-7] INFO  com.example.innowisefourthproject.controller.Controller - Command class: ShowOrdersCommand
2026-06-05 01:47:17 [http-nio-8080-exec-7] INFO  com.example.innowisefourthproject.service.impl.OrderServiceImpl - findOrders in db
2026-06-05 01:47:17 [http-nio-8080-exec-7] INFO  com.example.innowisefourthproject.dao.impl.OrderDaoImpl - Finding all orders
2026-06-05 01:47:17 [http-nio-8080-exec-7] INFO  com.example.innowisefourthproject.controller.Controller - Page after command: pages/orders.jsp
2026-06-05 01:47:21 [http-nio-8080-exec-8] INFO  com.example.innowisefourthproject.controller.Controller - Command from request: complete_order
2026-06-05 01:47:21 [http-nio-8080-exec-8] INFO  com.example.innowisefourthproject.controller.Controller - Command class: CompleteOrderCommand
2026-06-05 01:47:21 [http-nio-8080-exec-8] INFO  com.example.innowisefourthproject.service.impl.OrderServiceImpl - CompleteOrder
2026-06-05 01:47:21 [http-nio-8080-exec-8] INFO  com.example.innowisefourthproject.dao.impl.OrderDaoImpl - Finding order by id: 3
2026-06-05 01:47:21 [http-nio-8080-exec-8] INFO  com.example.innowisefourthproject.dao.impl.OrderDaoImpl - Updating order status. orderId=3, status=COMPLETED
2026-06-05 01:47:21 [http-nio-8080-exec-8] INFO  com.example.innowisefourthproject.service.impl.OrderServiceImpl - findOrders in db
2026-06-05 01:47:21 [http-nio-8080-exec-8] INFO  com.example.innowisefourthproject.dao.impl.OrderDaoImpl - Finding all orders
2026-06-05 01:47:21 [http-nio-8080-exec-8] INFO  com.example.innowisefourthproject.controller.Controller - Page after command: pages/orders.jsp
2026-06-05 01:47:23 [http-nio-8080-exec-9] INFO  com.example.innowisefourthproject.controller.Controller - Command from request: complete_order
2026-06-05 01:47:23 [http-nio-8080-exec-9] INFO  com.example.innowisefourthproject.controller.Controller - Command class: CompleteOrderCommand
2026-06-05 01:47:23 [http-nio-8080-exec-9] INFO  com.example.innowisefourthproject.service.impl.OrderServiceImpl - CompleteOrder
2026-06-05 01:47:23 [http-nio-8080-exec-9] INFO  com.example.innowisefourthproject.dao.impl.OrderDaoImpl - Finding order by id: 2
2026-06-05 01:47:23 [http-nio-8080-exec-9] INFO  com.example.innowisefourthproject.dao.impl.OrderDaoImpl - Updating order status. orderId=2, status=COMPLETED
2026-06-05 01:47:23 [http-nio-8080-exec-9] INFO  com.example.innowisefourthproject.service.impl.OrderServiceImpl - findOrders in db
2026-06-05 01:47:23 [http-nio-8080-exec-9] INFO  com.example.innowisefourthproject.dao.impl.OrderDaoImpl - Finding all orders
2026-06-05 01:47:23 [http-nio-8080-exec-9] INFO  com.example.innowisefourthproject.controller.Controller - Page after command: pages/orders.jsp
2026-06-05 01:47:24 [http-nio-8080-exec-10] INFO  com.example.innowisefourthproject.controller.Controller - Command from request: cancel_order
2026-06-05 01:47:24 [http-nio-8080-exec-10] INFO  com.example.innowisefourthproject.controller.Controller - Command class: CancelOrderCommand
2026-06-05 01:47:24 [http-nio-8080-exec-10] INFO  com.example.innowisefourthproject.service.impl.OrderServiceImpl - Cancel order
2026-06-05 01:47:24 [http-nio-8080-exec-10] INFO  com.example.innowisefourthproject.dao.impl.OrderDaoImpl - Finding order by id: 1
2026-06-05 01:47:24 [http-nio-8080-exec-10] INFO  com.example.innowisefourthproject.dao.impl.OrderDaoImpl - Updating order status. orderId=1, status=CANCELLED
2026-06-05 01:47:24 [http-nio-8080-exec-10] INFO  com.example.innowisefourthproject.service.impl.OrderServiceImpl - findOrders in db
2026-06-05 01:47:24 [http-nio-8080-exec-10] INFO  com.example.innowisefourthproject.dao.impl.OrderDaoImpl - Finding all orders
2026-06-05 01:47:24 [http-nio-8080-exec-10] INFO  com.example.innowisefourthproject.controller.Controller - Page after command: pages/orders.jsp
2026-06-05 01:47:29 [http-nio-8080-exec-2] INFO  com.example.innowisefourthproject.controller.Controller - Command from request: logout
2026-06-05 01:47:29 [http-nio-8080-exec-2] INFO  com.example.innowisefourthproject.controller.Controller - Command class: LogoutCommand
2026-06-05 01:47:29 [http-nio-8080-exec-2] INFO  com.example.innowisefourthproject.listner.SessionCreateListenerImpl - ---------->  sessionDestroyed: 920BD1DD64A186F8F9F34D8F9E93B5CA
2026-06-05 01:47:29 [http-nio-8080-exec-2] INFO  com.example.innowisefourthproject.controller.Controller - Page after command: index.jsp
2026-06-05 01:47:29 [http-nio-8080-exec-2] INFO  com.example.innowisefourthproject.listner.SessionCreateListenerImpl - ---------->  sessionCreated: B2CCEA09510BE080DA3631CD46684717
2026-06-05 01:47:32 [http-nio-8080-exec-3] INFO  com.example.innowisefourthproject.controller.Controller - Command from request: login
2026-06-05 01:47:32 [http-nio-8080-exec-3] INFO  com.example.innowisefourthproject.controller.Controller - Command class: LoginCommand
2026-06-05 01:47:32 [http-nio-8080-exec-3] INFO  com.example.innowisefourthproject.dao.impl.UserDaoImpl - Find user by login: qwe
2026-06-05 01:47:32 [http-nio-8080-exec-3] INFO  com.example.innowisefourthproject.listner.SessionAttributeListenerImpl - +++<<<------->  attributeAdded:null
2026-06-05 01:47:32 [http-nio-8080-exec-3] INFO  com.example.innowisefourthproject.listner.SessionAttributeListenerImpl - +++<<<------->  attributeAdded:null
2026-06-05 01:47:32 [http-nio-8080-exec-3] INFO  com.example.innowisefourthproject.listner.SessionAttributeListenerImpl - +++<<<------->  attributeAdded:null
2026-06-05 01:47:32 [http-nio-8080-exec-3] INFO  com.example.innowisefourthproject.listner.SessionAttributeListenerImpl - +++<<<------->  attributeAdded:pages/main.jsp
2026-06-05 01:47:32 [http-nio-8080-exec-3] INFO  com.example.innowisefourthproject.controller.Controller - Page after command: pages/main.jsp
2026-06-05 01:47:33 [http-nio-8080-exec-4] INFO  com.example.innowisefourthproject.controller.Controller - Command from request: show_orders
2026-06-05 01:47:33 [http-nio-8080-exec-4] INFO  com.example.innowisefourthproject.controller.Controller - Command class: ShowOrdersCommand
2026-06-05 01:47:33 [http-nio-8080-exec-4] INFO  com.example.innowisefourthproject.service.impl.OrderServiceImpl - findOrders in db
2026-06-05 01:47:33 [http-nio-8080-exec-4] INFO  com.example.innowisefourthproject.dao.impl.OrderDaoImpl - Finding orders by user id: 4
2026-06-05 01:47:33 [http-nio-8080-exec-4] INFO  com.example.innowisefourthproject.controller.Controller - Page after command: pages/orders.jsp
2026-06-05 01:51:18 [main] INFO  com.example.innowisefourthproject.pool.ConnectionPool - Connection pool was destroyed
2026-06-05 01:51:18 [main] INFO  com.example.innowisefourthproject.controller.Controller - Servlet destroyed: 
2026-06-05 01:51:18 [main] INFO  com.example.innowisefourthproject.listner.SessionCreateListenerImpl - ---------->  sessionDestroyed: B2CCEA09510BE080DA3631CD46684717
2026-06-05 01:51:18 [main] INFO  com.example.innowisefourthproject.listner.SessionCreateListenerImpl - ---------->  sessionDestroyed: DE98028C717C52298C49E79898BF6331
2026-06-05 01:51:18 [main] INFO  com.example.innowisefourthproject.listner.ServletContextListenerImpl - --------contextInitialized : Apache Tomcat/10.1.55
2026-06-05 01:51:21 [RMI TCP Connection(2)-127.0.0.1] INFO  com.example.innowisefourthproject.listner.ServletContextListenerImpl - ++++++ contextInitialized : null
2026-06-05 01:51:22 [http-nio-8080-exec-2] INFO  com.example.innowisefourthproject.listner.SessionCreateListenerImpl - ---------->  sessionCreated: D4ED2440AB34AF93705929DEFD01D8A2
2026-06-05 01:51:23 [http-nio-8080-exec-4] INFO  com.example.innowisefourthproject.listner.SessionCreateListenerImpl - ---------->  sessionCreated: 1FEF34D7904C2535C2C04AD7321D16DA
2026-06-05 01:52:00 [http-nio-8080-exec-8] INFO  com.example.innowisefourthproject.filter.SecurityFilter - Unauthorized access to protected page: /InnowiseFourthProject_war_exploded/pages/main.jsp
2026-06-05 01:57:39 [main] INFO  com.example.innowisefourthproject.listner.SessionCreateListenerImpl - ---------->  sessionDestroyed: 1FEF34D7904C2535C2C04AD7321D16DA
2026-06-05 01:57:39 [main] INFO  com.example.innowisefourthproject.listner.SessionCreateListenerImpl - ---------->  sessionDestroyed: D4ED2440AB34AF93705929DEFD01D8A2
2026-06-05 01:57:39 [main] INFO  com.example.innowisefourthproject.listner.ServletContextListenerImpl - --------contextInitialized : Apache Tomcat/10.1.55
2026-06-05 01:57:42 [RMI TCP Connection(2)-127.0.0.1] INFO  com.example.innowisefourthproject.listner.ServletContextListenerImpl - ++++++ contextInitialized : null
2026-06-05 01:57:43 [http-nio-8080-exec-1] INFO  com.example.innowisefourthproject.listner.SessionCreateListenerImpl - ---------->  sessionCreated: 1F245810E4122025F9D32B19D7FC0226
2026-06-05 01:57:43 [http-nio-8080-exec-4] INFO  com.example.innowisefourthproject.listner.SessionCreateListenerImpl - ---------->  sessionCreated: CC8791AECE6F47EFED230799F652D52A
2026-06-05 01:57:53 [http-nio-8080-exec-5] INFO  com.example.innowisefourthproject.controller.Controller - Servlet initialized: 
2026-06-05 01:57:53 [http-nio-8080-exec-5] INFO  com.example.innowisefourthproject.pool.ConnectionPool - Connection number 1 was created
2026-06-05 01:57:53 [http-nio-8080-exec-5] INFO  com.example.innowisefourthproject.pool.ConnectionPool - Connection number 2 was created
2026-06-05 01:57:54 [http-nio-8080-exec-5] INFO  com.example.innowisefourthproject.pool.ConnectionPool - Connection number 3 was created
2026-06-05 01:57:54 [http-nio-8080-exec-5] INFO  com.example.innowisefourthproject.pool.ConnectionPool - Connection number 4 was created
2026-06-05 01:57:54 [http-nio-8080-exec-5] INFO  com.example.innowisefourthproject.pool.ConnectionPool - Connection number 5 was created
2026-06-05 01:57:54 [http-nio-8080-exec-5] INFO  com.example.innowisefourthproject.pool.ConnectionPool - Connection number 6 was created
2026-06-05 01:57:54 [http-nio-8080-exec-5] INFO  com.example.innowisefourthproject.pool.ConnectionPool - Connection number 7 was created
2026-06-05 01:57:54 [http-nio-8080-exec-5] INFO  com.example.innowisefourthproject.pool.ConnectionPool - Connection number 8 was created
2026-06-05 01:57:54 [http-nio-8080-exec-5] INFO  com.example.innowisefourthproject.pool.ConnectionPool - Connection number 9 was created
2026-06-05 01:57:54 [http-nio-8080-exec-5] INFO  com.example.innowisefourthproject.pool.ConnectionPool - Connection number 10 was created
2026-06-05 01:57:54 [http-nio-8080-exec-5] INFO  com.example.innowisefourthproject.pool.ConnectionPool - Connection pool was initialized. Pool size: 10
2026-06-05 01:57:54 [http-nio-8080-exec-5] INFO  com.example.innowisefourthproject.controller.Controller - Command from request: login
2026-06-05 01:57:54 [http-nio-8080-exec-5] INFO  com.example.innowisefourthproject.controller.Controller - Command class: LoginCommand
2026-06-05 01:57:54 [http-nio-8080-exec-5] INFO  com.example.innowisefourthproject.dao.impl.UserDaoImpl - Find user by login: qwe
2026-06-05 01:57:54 [http-nio-8080-exec-5] INFO  com.example.innowisefourthproject.listner.SessionAttributeListenerImpl - +++<<<------->  attributeAdded:null
2026-06-05 01:57:54 [http-nio-8080-exec-5] INFO  com.example.innowisefourthproject.listner.SessionAttributeListenerImpl - +++<<<------->  attributeAdded:null
2026-06-05 01:57:54 [http-nio-8080-exec-5] INFO  com.example.innowisefourthproject.listner.SessionAttributeListenerImpl - +++<<<------->  attributeAdded:null
2026-06-05 01:57:54 [http-nio-8080-exec-5] INFO  com.example.innowisefourthproject.listner.SessionAttributeListenerImpl - +++<<<------->  attributeAdded:pages/main.jsp
2026-06-05 01:57:54 [http-nio-8080-exec-5] INFO  com.example.innowisefourthproject.controller.Controller - Page after command: pages/main.jsp
2026-06-05 01:57:57 [http-nio-8080-exec-6] INFO  com.example.innowisefourthproject.controller.Controller - Command from request: show_items
2026-06-05 01:57:57 [http-nio-8080-exec-6] INFO  com.example.innowisefourthproject.controller.Controller - Command class: ShowItemsCommand
2026-06-05 01:57:57 [http-nio-8080-exec-6] INFO  com.example.innowisefourthproject.dao.impl.ItemDaoImpl - Find all item from db
2026-06-05 01:57:57 [http-nio-8080-exec-6] INFO  com.example.innowisefourthproject.dao.impl.ItemDaoImpl - Foud 4 items
2026-06-05 01:57:57 [http-nio-8080-exec-6] INFO  com.example.innowisefourthproject.controller.Controller - Page after command: pages/items.jsp
2026-06-05 01:57:59 [http-nio-8080-exec-7] INFO  com.example.innowisefourthproject.controller.Controller - Command from request: create_order
2026-06-05 01:57:59 [http-nio-8080-exec-7] INFO  com.example.innowisefourthproject.controller.Controller - Command class: CreateOrderCommand
2026-06-05 01:57:59 [http-nio-8080-exec-7] INFO  com.example.innowisefourthproject.service.impl.OrderServiceImpl - createOrder in OrderServiceImpl
2026-06-05 01:57:59 [http-nio-8080-exec-7] INFO  com.example.innowisefourthproject.dao.impl.OrderDaoImpl - Creating order
2026-06-05 01:57:59 [http-nio-8080-exec-7] INFO  com.example.innowisefourthproject.service.impl.OrderServiceImpl - findOrders in db
2026-06-05 01:57:59 [http-nio-8080-exec-7] INFO  com.example.innowisefourthproject.dao.impl.OrderDaoImpl - Finding orders by user id: 4
2026-06-05 01:57:59 [http-nio-8080-exec-7] INFO  com.example.innowisefourthproject.command.impl.CreateOrderCommand - CreateOrderCommand returns page: pages/orders.jsp
2026-06-05 01:57:59 [http-nio-8080-exec-7] INFO  com.example.innowisefourthproject.controller.Controller - Page after command: pages/orders.jsp
2026-06-05 01:58:01 [http-nio-8080-exec-9] INFO  com.example.innowisefourthproject.controller.Controller - Command from request: show_items
2026-06-05 01:58:01 [http-nio-8080-exec-9] INFO  com.example.innowisefourthproject.controller.Controller - Command class: ShowItemsCommand
2026-06-05 01:58:01 [http-nio-8080-exec-9] INFO  com.example.innowisefourthproject.dao.impl.ItemDaoImpl - Find all item from db
2026-06-05 01:58:01 [http-nio-8080-exec-9] INFO  com.example.innowisefourthproject.dao.impl.ItemDaoImpl - Foud 4 items
2026-06-05 01:58:01 [http-nio-8080-exec-9] INFO  com.example.innowisefourthproject.controller.Controller - Page after command: pages/items.jsp
2026-06-05 01:58:16 [http-nio-8080-exec-8] INFO  com.example.innowisefourthproject.controller.Controller - Command from request: create_order
2026-06-05 01:58:16 [http-nio-8080-exec-8] INFO  com.example.innowisefourthproject.controller.Controller - Command class: CreateOrderCommand
2026-06-05 01:58:16 [http-nio-8080-exec-8] INFO  com.example.innowisefourthproject.service.impl.OrderServiceImpl - createOrder in OrderServiceImpl
2026-06-05 01:58:16 [http-nio-8080-exec-8] INFO  com.example.innowisefourthproject.dao.impl.OrderDaoImpl - Creating order
2026-06-05 01:58:16 [http-nio-8080-exec-8] INFO  com.example.innowisefourthproject.service.impl.OrderServiceImpl - findOrders in db
2026-06-05 01:58:16 [http-nio-8080-exec-8] INFO  com.example.innowisefourthproject.dao.impl.OrderDaoImpl - Finding orders by user id: 4
2026-06-05 01:58:16 [http-nio-8080-exec-8] INFO  com.example.innowisefourthproject.command.impl.CreateOrderCommand - CreateOrderCommand returns page: pages/orders.jsp
2026-06-05 01:58:16 [http-nio-8080-exec-8] INFO  com.example.innowisefourthproject.controller.Controller - Page after command: pages/orders.jsp
2026-06-05 01:58:19 [http-nio-8080-exec-1] INFO  com.example.innowisefourthproject.controller.Controller - Command from request: show_items
2026-06-05 01:58:19 [http-nio-8080-exec-1] INFO  com.example.innowisefourthproject.controller.Controller - Command class: ShowItemsCommand
2026-06-05 01:58:19 [http-nio-8080-exec-1] INFO  com.example.innowisefourthproject.dao.impl.ItemDaoImpl - Find all item from db
2026-06-05 01:58:19 [http-nio-8080-exec-1] INFO  com.example.innowisefourthproject.dao.impl.ItemDaoImpl - Foud 4 items
2026-06-05 01:58:19 [http-nio-8080-exec-1] INFO  com.example.innowisefourthproject.controller.Controller - Page after command: pages/items.jsp
2026-06-05 01:58:20 [http-nio-8080-exec-2] INFO  com.example.innowisefourthproject.controller.Controller - Command from request: create_order
2026-06-05 01:58:20 [http-nio-8080-exec-2] INFO  com.example.innowisefourthproject.controller.Controller - Command class: CreateOrderCommand
2026-06-05 01:58:20 [http-nio-8080-exec-2] INFO  com.example.innowisefourthproject.service.impl.OrderServiceImpl - createOrder in OrderServiceImpl
2026-06-05 01:58:20 [http-nio-8080-exec-2] INFO  com.example.innowisefourthproject.dao.impl.OrderDaoImpl - Creating order
2026-06-05 01:58:20 [http-nio-8080-exec-2] INFO  com.example.innowisefourthproject.service.impl.OrderServiceImpl - findOrders in db
2026-06-05 01:58:20 [http-nio-8080-exec-2] INFO  com.example.innowisefourthproject.dao.impl.OrderDaoImpl - Finding orders by user id: 4
2026-06-05 01:58:20 [http-nio-8080-exec-2] INFO  com.example.innowisefourthproject.command.impl.CreateOrderCommand - CreateOrderCommand returns page: pages/orders.jsp
2026-06-05 01:58:20 [http-nio-8080-exec-2] INFO  com.example.innowisefourthproject.controller.Controller - Page after command: pages/orders.jsp
2026-06-05 01:58:21 [http-nio-8080-exec-3] INFO  com.example.innowisefourthproject.controller.Controller - Command from request: show_items
2026-06-05 01:58:21 [http-nio-8080-exec-3] INFO  com.example.innowisefourthproject.controller.Controller - Command class: ShowItemsCommand
2026-06-05 01:58:21 [http-nio-8080-exec-3] INFO  com.example.innowisefourthproject.dao.impl.ItemDaoImpl - Find all item from db
2026-06-05 01:58:21 [http-nio-8080-exec-3] INFO  com.example.innowisefourthproject.dao.impl.ItemDaoImpl - Foud 4 items
2026-06-05 01:58:21 [http-nio-8080-exec-3] INFO  com.example.innowisefourthproject.controller.Controller - Page after command: pages/items.jsp
2026-06-05 01:58:25 [http-nio-8080-exec-5] INFO  com.example.innowisefourthproject.controller.Controller - Command from request: logout
2026-06-05 01:58:25 [http-nio-8080-exec-5] INFO  com.example.innowisefourthproject.controller.Controller - Command class: LogoutCommand
2026-06-05 01:58:25 [http-nio-8080-exec-5] INFO  com.example.innowisefourthproject.listner.SessionCreateListenerImpl - ---------->  sessionDestroyed: CC8791AECE6F47EFED230799F652D52A
2026-06-05 01:58:25 [http-nio-8080-exec-5] INFO  com.example.innowisefourthproject.controller.Controller - Page after command: index.jsp
2026-06-05 01:58:25 [http-nio-8080-exec-5] INFO  com.example.innowisefourthproject.listner.SessionCreateListenerImpl - ---------->  sessionCreated: D736FE5C4CD2D2036C7EE10F046BABD3
2026-06-05 01:58:29 [http-nio-8080-exec-6] INFO  com.example.innowisefourthproject.controller.Controller - Command from request: login
2026-06-05 01:58:29 [http-nio-8080-exec-6] INFO  com.example.innowisefourthproject.controller.Controller - Command class: LoginCommand
2026-06-05 01:58:29 [http-nio-8080-exec-6] INFO  com.example.innowisefourthproject.dao.impl.UserDaoImpl - Find user by login: qwer
2026-06-05 01:58:29 [http-nio-8080-exec-6] INFO  com.example.innowisefourthproject.listner.SessionAttributeListenerImpl - +++<<<------->  attributeAdded:null
2026-06-05 01:58:29 [http-nio-8080-exec-6] INFO  com.example.innowisefourthproject.listner.SessionAttributeListenerImpl - +++<<<------->  attributeAdded:null
2026-06-05 01:58:29 [http-nio-8080-exec-6] INFO  com.example.innowisefourthproject.listner.SessionAttributeListenerImpl - +++<<<------->  attributeAdded:null
2026-06-05 01:58:29 [http-nio-8080-exec-6] INFO  com.example.innowisefourthproject.listner.SessionAttributeListenerImpl - +++<<<------->  attributeAdded:pages/main.jsp
2026-06-05 01:58:29 [http-nio-8080-exec-6] INFO  com.example.innowisefourthproject.controller.Controller - Page after command: pages/main.jsp
2026-06-05 01:58:32 [http-nio-8080-exec-7] INFO  com.example.innowisefourthproject.controller.Controller - Command from request: show_items
2026-06-05 01:58:32 [http-nio-8080-exec-7] INFO  com.example.innowisefourthproject.controller.Controller - Command class: ShowItemsCommand
2026-06-05 01:58:32 [http-nio-8080-exec-7] INFO  com.example.innowisefourthproject.dao.impl.ItemDaoImpl - Find all item from db
2026-06-05 01:58:32 [http-nio-8080-exec-7] INFO  com.example.innowisefourthproject.dao.impl.ItemDaoImpl - Foud 4 items
2026-06-05 01:58:32 [http-nio-8080-exec-7] INFO  com.example.innowisefourthproject.controller.Controller - Page after command: pages/items.jsp
2026-06-05 01:58:36 [http-nio-8080-exec-9] INFO  com.example.innowisefourthproject.controller.Controller - Command from request: show_orders
2026-06-05 01:58:36 [http-nio-8080-exec-9] INFO  com.example.innowisefourthproject.controller.Controller - Command class: ShowOrdersCommand
2026-06-05 01:58:36 [http-nio-8080-exec-9] INFO  com.example.innowisefourthproject.service.impl.OrderServiceImpl - findOrders in db
2026-06-05 01:58:36 [http-nio-8080-exec-9] INFO  com.example.innowisefourthproject.dao.impl.OrderDaoImpl - Finding all orders
2026-06-05 01:58:36 [http-nio-8080-exec-9] INFO  com.example.innowisefourthproject.controller.Controller - Page after command: pages/orders.jsp
2026-06-05 01:58:43 [http-nio-8080-exec-1] INFO  com.example.innowisefourthproject.controller.Controller - Command from request: logout
2026-06-05 01:58:43 [http-nio-8080-exec-1] INFO  com.example.innowisefourthproject.controller.Controller - Command class: LogoutCommand
2026-06-05 01:58:43 [http-nio-8080-exec-1] INFO  com.example.innowisefourthproject.listner.SessionCreateListenerImpl - ---------->  sessionDestroyed: D736FE5C4CD2D2036C7EE10F046BABD3
2026-06-05 01:58:43 [http-nio-8080-exec-1] INFO  com.example.innowisefourthproject.controller.Controller - Page after command: index.jsp
2026-06-05 01:58:43 [http-nio-8080-exec-1] INFO  com.example.innowisefourthproject.listner.SessionCreateListenerImpl - ---------->  sessionCreated: FAE94FC1C7BC7D84AE0C8BD9B0C12E50
2026-06-05 01:58:47 [http-nio-8080-exec-2] INFO  com.example.innowisefourthproject.controller.Controller - Command from request: login
2026-06-05 01:58:47 [http-nio-8080-exec-2] INFO  com.example.innowisefourthproject.controller.Controller - Command class: LoginCommand
2026-06-05 01:58:47 [http-nio-8080-exec-2] INFO  com.example.innowisefourthproject.dao.impl.UserDaoImpl - Find user by login: 123
2026-06-05 01:58:47 [http-nio-8080-exec-2] INFO  com.example.innowisefourthproject.listner.SessionAttributeListenerImpl - +++<<<------->  attributeAdded:null
2026-06-05 01:58:47 [http-nio-8080-exec-2] INFO  com.example.innowisefourthproject.listner.SessionAttributeListenerImpl - +++<<<------->  attributeAdded:index.jsp
2026-06-05 01:58:47 [http-nio-8080-exec-2] INFO  com.example.innowisefourthproject.controller.Controller - Page after command: index.jsp
2026-06-05 01:58:51 [http-nio-8080-exec-3] INFO  com.example.innowisefourthproject.controller.Controller - Command from request: login
2026-06-05 01:58:51 [http-nio-8080-exec-3] INFO  com.example.innowisefourthproject.controller.Controller - Command class: LoginCommand
2026-06-05 01:58:51 [http-nio-8080-exec-3] INFO  com.example.innowisefourthproject.dao.impl.UserDaoImpl - Find user by login: 123
2026-06-05 01:58:51 [http-nio-8080-exec-3] INFO  com.example.innowisefourthproject.listner.SessionAttributeListenerImpl - ###<<<------->  attributeReplaced:null
2026-06-05 01:58:51 [http-nio-8080-exec-3] INFO  com.example.innowisefourthproject.listner.SessionAttributeListenerImpl - ###<<<------->  attributeReplaced:index.jsp
2026-06-05 01:58:51 [http-nio-8080-exec-3] INFO  com.example.innowisefourthproject.controller.Controller - Page after command: index.jsp
2026-06-05 01:59:03 [http-nio-8080-exec-5] INFO  com.example.innowisefourthproject.controller.Controller - Command from request: login
2026-06-05 01:59:03 [http-nio-8080-exec-5] INFO  com.example.innowisefourthproject.controller.Controller - Command class: LoginCommand
2026-06-05 01:59:03 [http-nio-8080-exec-5] INFO  com.example.innowisefourthproject.dao.impl.UserDaoImpl - Find user by login: asd
2026-06-05 01:59:03 [http-nio-8080-exec-5] INFO  com.example.innowisefourthproject.listner.SessionAttributeListenerImpl - +++<<<------->  attributeAdded:null
2026-06-05 01:59:03 [http-nio-8080-exec-5] INFO  com.example.innowisefourthproject.listner.SessionAttributeListenerImpl - +++<<<------->  attributeAdded:index.jsp
2026-06-05 01:59:03 [http-nio-8080-exec-5] INFO  com.example.innowisefourthproject.listner.SessionAttributeListenerImpl - ###<<<------->  attributeReplaced:null
2026-06-05 01:59:03 [http-nio-8080-exec-5] INFO  com.example.innowisefourthproject.listner.SessionAttributeListenerImpl - ###<<<------->  attributeReplaced:pages/main.jsp
2026-06-05 01:59:03 [http-nio-8080-exec-5] INFO  com.example.innowisefourthproject.controller.Controller - Page after command: pages/main.jsp
2026-06-05 01:59:05 [http-nio-8080-exec-6] INFO  com.example.innowisefourthproject.controller.Controller - Command from request: show_items
2026-06-05 01:59:05 [http-nio-8080-exec-6] INFO  com.example.innowisefourthproject.controller.Controller - Command class: ShowItemsCommand
2026-06-05 01:59:05 [http-nio-8080-exec-6] INFO  com.example.innowisefourthproject.dao.impl.ItemDaoImpl - Find all item from db
2026-06-05 01:59:05 [http-nio-8080-exec-6] INFO  com.example.innowisefourthproject.dao.impl.ItemDaoImpl - Foud 4 items
2026-06-05 01:59:05 [http-nio-8080-exec-6] INFO  com.example.innowisefourthproject.controller.Controller - Page after command: pages/items.jsp
2026-06-05 01:59:06 [http-nio-8080-exec-7] INFO  com.example.innowisefourthproject.controller.Controller - Command from request: create_order
2026-06-05 01:59:06 [http-nio-8080-exec-7] INFO  com.example.innowisefourthproject.controller.Controller - Command class: CreateOrderCommand
2026-06-05 01:59:06 [http-nio-8080-exec-7] INFO  com.example.innowisefourthproject.service.impl.OrderServiceImpl - createOrder in OrderServiceImpl
2026-06-05 01:59:06 [http-nio-8080-exec-7] INFO  com.example.innowisefourthproject.dao.impl.OrderDaoImpl - Creating order
2026-06-05 01:59:06 [http-nio-8080-exec-7] INFO  com.example.innowisefourthproject.service.impl.OrderServiceImpl - findOrders in db
2026-06-05 01:59:06 [http-nio-8080-exec-7] INFO  com.example.innowisefourthproject.dao.impl.OrderDaoImpl - Finding orders by user id: 5
2026-06-05 01:59:06 [http-nio-8080-exec-7] INFO  com.example.innowisefourthproject.command.impl.CreateOrderCommand - CreateOrderCommand returns page: pages/orders.jsp
2026-06-05 01:59:06 [http-nio-8080-exec-7] INFO  com.example.innowisefourthproject.controller.Controller - Page after command: pages/orders.jsp
2026-06-05 01:59:08 [http-nio-8080-exec-9] INFO  com.example.innowisefourthproject.controller.Controller - Command from request: show_items
2026-06-05 01:59:08 [http-nio-8080-exec-9] INFO  com.example.innowisefourthproject.controller.Controller - Command class: ShowItemsCommand
2026-06-05 01:59:08 [http-nio-8080-exec-9] INFO  com.example.innowisefourthproject.dao.impl.ItemDaoImpl - Find all item from db
2026-06-05 01:59:08 [http-nio-8080-exec-9] INFO  com.example.innowisefourthproject.dao.impl.ItemDaoImpl - Foud 4 items
2026-06-05 01:59:08 [http-nio-8080-exec-9] INFO  com.example.innowisefourthproject.controller.Controller - Page after command: pages/items.jsp
2026-06-05 01:59:08 [http-nio-8080-exec-10] INFO  com.example.innowisefourthproject.controller.Controller - Command from request: create_order
2026-06-05 01:59:08 [http-nio-8080-exec-10] INFO  com.example.innowisefourthproject.controller.Controller - Command class: CreateOrderCommand
2026-06-05 01:59:08 [http-nio-8080-exec-10] INFO  com.example.innowisefourthproject.service.impl.OrderServiceImpl - createOrder in OrderServiceImpl
2026-06-05 01:59:08 [http-nio-8080-exec-10] INFO  com.example.innowisefourthproject.dao.impl.OrderDaoImpl - Creating order
2026-06-05 01:59:08 [http-nio-8080-exec-10] INFO  com.example.innowisefourthproject.service.impl.OrderServiceImpl - findOrders in db
2026-06-05 01:59:08 [http-nio-8080-exec-10] INFO  com.example.innowisefourthproject.dao.impl.OrderDaoImpl - Finding orders by user id: 5
2026-06-05 01:59:08 [http-nio-8080-exec-10] INFO  com.example.innowisefourthproject.command.impl.CreateOrderCommand - CreateOrderCommand returns page: pages/orders.jsp
2026-06-05 01:59:08 [http-nio-8080-exec-10] INFO  com.example.innowisefourthproject.controller.Controller - Page after command: pages/orders.jsp
2026-06-05 01:59:09 [http-nio-8080-exec-8] INFO  com.example.innowisefourthproject.controller.Controller - Command from request: show_items
2026-06-05 01:59:09 [http-nio-8080-exec-8] INFO  com.example.innowisefourthproject.controller.Controller - Command class: ShowItemsCommand
2026-06-05 01:59:09 [http-nio-8080-exec-8] INFO  com.example.innowisefourthproject.dao.impl.ItemDaoImpl - Find all item from db
2026-06-05 01:59:09 [http-nio-8080-exec-8] INFO  com.example.innowisefourthproject.dao.impl.ItemDaoImpl - Foud 4 items
2026-06-05 01:59:09 [http-nio-8080-exec-8] INFO  com.example.innowisefourthproject.controller.Controller - Page after command: pages/items.jsp
2026-06-05 01:59:10 [http-nio-8080-exec-1] INFO  com.example.innowisefourthproject.controller.Controller - Command from request: create_order
2026-06-05 01:59:10 [http-nio-8080-exec-1] INFO  com.example.innowisefourthproject.controller.Controller - Command class: CreateOrderCommand
2026-06-05 01:59:10 [http-nio-8080-exec-1] INFO  com.example.innowisefourthproject.service.impl.OrderServiceImpl - createOrder in OrderServiceImpl
2026-06-05 01:59:10 [http-nio-8080-exec-1] INFO  com.example.innowisefourthproject.dao.impl.OrderDaoImpl - Creating order
2026-06-05 01:59:10 [http-nio-8080-exec-1] INFO  com.example.innowisefourthproject.service.impl.OrderServiceImpl - findOrders in db
2026-06-05 01:59:10 [http-nio-8080-exec-1] INFO  com.example.innowisefourthproject.dao.impl.OrderDaoImpl - Finding orders by user id: 5
2026-06-05 01:59:10 [http-nio-8080-exec-1] INFO  com.example.innowisefourthproject.command.impl.CreateOrderCommand - CreateOrderCommand returns page: pages/orders.jsp
2026-06-05 01:59:10 [http-nio-8080-exec-1] INFO  com.example.innowisefourthproject.controller.Controller - Page after command: pages/orders.jsp
2026-06-05 01:59:11 [http-nio-8080-exec-2] INFO  com.example.innowisefourthproject.controller.Controller - Command from request: show_items
2026-06-05 01:59:11 [http-nio-8080-exec-2] INFO  com.example.innowisefourthproject.controller.Controller - Command class: ShowItemsCommand
2026-06-05 01:59:11 [http-nio-8080-exec-2] INFO  com.example.innowisefourthproject.dao.impl.ItemDaoImpl - Find all item from db
2026-06-05 01:59:11 [http-nio-8080-exec-2] INFO  com.example.innowisefourthproject.dao.impl.ItemDaoImpl - Foud 4 items
2026-06-05 01:59:11 [http-nio-8080-exec-2] INFO  com.example.innowisefourthproject.controller.Controller - Page after command: pages/items.jsp
2026-06-05 01:59:13 [http-nio-8080-exec-4] INFO  com.example.innowisefourthproject.controller.Controller - Command from request: logout
2026-06-05 01:59:13 [http-nio-8080-exec-4] INFO  com.example.innowisefourthproject.controller.Controller - Command class: LogoutCommand
2026-06-05 01:59:13 [http-nio-8080-exec-4] INFO  com.example.innowisefourthproject.listner.SessionCreateListenerImpl - ---------->  sessionDestroyed: FAE94FC1C7BC7D84AE0C8BD9B0C12E50
2026-06-05 01:59:13 [http-nio-8080-exec-4] INFO  com.example.innowisefourthproject.controller.Controller - Page after command: index.jsp
2026-06-05 01:59:13 [http-nio-8080-exec-4] INFO  com.example.innowisefourthproject.listner.SessionCreateListenerImpl - ---------->  sessionCreated: BABEFCBB231E9A21169417C9A56167CA
2026-06-05 01:59:18 [http-nio-8080-exec-5] INFO  com.example.innowisefourthproject.controller.Controller - Command from request: login
2026-06-05 01:59:18 [http-nio-8080-exec-5] INFO  com.example.innowisefourthproject.controller.Controller - Command class: LoginCommand
2026-06-05 01:59:18 [http-nio-8080-exec-5] INFO  com.example.innowisefourthproject.dao.impl.UserDaoImpl - Find user by login: qwer
2026-06-05 01:59:18 [http-nio-8080-exec-5] INFO  com.example.innowisefourthproject.listner.SessionAttributeListenerImpl - +++<<<------->  attributeAdded:null
2026-06-05 01:59:18 [http-nio-8080-exec-5] INFO  com.example.innowisefourthproject.listner.SessionAttributeListenerImpl - +++<<<------->  attributeAdded:null
2026-06-05 01:59:18 [http-nio-8080-exec-5] INFO  com.example.innowisefourthproject.listner.SessionAttributeListenerImpl - +++<<<------->  attributeAdded:null
2026-06-05 01:59:18 [http-nio-8080-exec-5] INFO  com.example.innowisefourthproject.listner.SessionAttributeListenerImpl - +++<<<------->  attributeAdded:pages/main.jsp
2026-06-05 01:59:18 [http-nio-8080-exec-5] INFO  com.example.innowisefourthproject.controller.Controller - Page after command: pages/main.jsp
2026-06-05 01:59:42 [http-nio-8080-exec-9] INFO  com.example.innowisefourthproject.controller.Controller - Command from request: login
2026-06-05 01:59:42 [http-nio-8080-exec-9] INFO  com.example.innowisefourthproject.controller.Controller - Command class: LoginCommand
2026-06-05 01:59:42 [http-nio-8080-exec-9] INFO  com.example.innowisefourthproject.dao.impl.UserDaoImpl - Find user by login: qwer
2026-06-05 01:59:42 [http-nio-8080-exec-9] INFO  com.example.innowisefourthproject.listner.SessionAttributeListenerImpl - ###<<<------->  attributeReplaced:null
2026-06-05 01:59:42 [http-nio-8080-exec-9] INFO  com.example.innowisefourthproject.listner.SessionAttributeListenerImpl - ###<<<------->  attributeReplaced:pages/main.jsp
2026-06-05 01:59:42 [http-nio-8080-exec-9] INFO  com.example.innowisefourthproject.listner.SessionAttributeListenerImpl - ###<<<------->  attributeReplaced:null
2026-06-05 01:59:42 [http-nio-8080-exec-9] INFO  com.example.innowisefourthproject.listner.SessionAttributeListenerImpl - ###<<<------->  attributeReplaced:pages/main.jsp
2026-06-05 01:59:42 [http-nio-8080-exec-9] INFO  com.example.innowisefourthproject.controller.Controller - Page after command: pages/main.jsp
2026-06-05 01:59:45 [http-nio-8080-exec-10] INFO  com.example.innowisefourthproject.controller.Controller - Command from request: show_orders
2026-06-05 01:59:45 [http-nio-8080-exec-10] INFO  com.example.innowisefourthproject.controller.Controller - Command class: ShowOrdersCommand
2026-06-05 01:59:45 [http-nio-8080-exec-10] INFO  com.example.innowisefourthproject.service.impl.OrderServiceImpl - findOrders in db
2026-06-05 01:59:45 [http-nio-8080-exec-10] INFO  com.example.innowisefourthproject.dao.impl.OrderDaoImpl - Finding all orders
2026-06-05 01:59:45 [http-nio-8080-exec-10] INFO  com.example.innowisefourthproject.controller.Controller - Page after command: pages/orders.jsp
2026-06-05 01:59:50 [http-nio-8080-exec-8] INFO  com.example.innowisefourthproject.controller.Controller - Command from request: complete_order
2026-06-05 01:59:50 [http-nio-8080-exec-8] INFO  com.example.innowisefourthproject.controller.Controller - Command class: CompleteOrderCommand
2026-06-05 01:59:50 [http-nio-8080-exec-8] INFO  com.example.innowisefourthproject.service.impl.OrderServiceImpl - CompleteOrder
2026-06-05 01:59:50 [http-nio-8080-exec-8] INFO  com.example.innowisefourthproject.dao.impl.OrderDaoImpl - Finding order by id: 9
2026-06-05 01:59:50 [http-nio-8080-exec-8] INFO  com.example.innowisefourthproject.dao.impl.OrderDaoImpl - Updating order status. orderId=9, status=COMPLETED
2026-06-05 01:59:50 [http-nio-8080-exec-8] INFO  com.example.innowisefourthproject.service.impl.OrderServiceImpl - findOrders in db
2026-06-05 01:59:50 [http-nio-8080-exec-8] INFO  com.example.innowisefourthproject.dao.impl.OrderDaoImpl - Finding all orders
2026-06-05 01:59:50 [http-nio-8080-exec-8] INFO  com.example.innowisefourthproject.controller.Controller - Page after command: pages/orders.jsp
2026-06-05 01:59:51 [http-nio-8080-exec-1] INFO  com.example.innowisefourthproject.controller.Controller - Command from request: complete_order
2026-06-05 01:59:51 [http-nio-8080-exec-1] INFO  com.example.innowisefourthproject.controller.Controller - Command class: CompleteOrderCommand
2026-06-05 01:59:51 [http-nio-8080-exec-1] INFO  com.example.innowisefourthproject.service.impl.OrderServiceImpl - CompleteOrder
2026-06-05 01:59:51 [http-nio-8080-exec-1] INFO  com.example.innowisefourthproject.dao.impl.OrderDaoImpl - Finding order by id: 6
2026-06-05 01:59:51 [http-nio-8080-exec-1] INFO  com.example.innowisefourthproject.dao.impl.OrderDaoImpl - Updating order status. orderId=6, status=COMPLETED
2026-06-05 01:59:51 [http-nio-8080-exec-1] INFO  com.example.innowisefourthproject.service.impl.OrderServiceImpl - findOrders in db
2026-06-05 01:59:51 [http-nio-8080-exec-1] INFO  com.example.innowisefourthproject.dao.impl.OrderDaoImpl - Finding all orders
2026-06-05 01:59:51 [http-nio-8080-exec-1] INFO  com.example.innowisefourthproject.controller.Controller - Page after command: pages/orders.jsp
2026-06-05 01:59:51 [http-nio-8080-exec-2] INFO  com.example.innowisefourthproject.controller.Controller - Command from request: complete_order
2026-06-05 01:59:51 [http-nio-8080-exec-2] INFO  com.example.innowisefourthproject.controller.Controller - Command class: CompleteOrderCommand
2026-06-05 01:59:51 [http-nio-8080-exec-2] INFO  com.example.innowisefourthproject.service.impl.OrderServiceImpl - CompleteOrder
2026-06-05 01:59:51 [http-nio-8080-exec-2] INFO  com.example.innowisefourthproject.dao.impl.OrderDaoImpl - Finding order by id: 5
2026-06-05 01:59:51 [http-nio-8080-exec-2] INFO  com.example.innowisefourthproject.dao.impl.OrderDaoImpl - Updating order status. orderId=5, status=COMPLETED
2026-06-05 01:59:51 [http-nio-8080-exec-2] INFO  com.example.innowisefourthproject.service.impl.OrderServiceImpl - findOrders in db
2026-06-05 01:59:51 [http-nio-8080-exec-2] INFO  com.example.innowisefourthproject.dao.impl.OrderDaoImpl - Finding all orders
2026-06-05 01:59:51 [http-nio-8080-exec-2] INFO  com.example.innowisefourthproject.controller.Controller - Page after command: pages/orders.jsp
2026-06-05 01:59:51 [http-nio-8080-exec-3] INFO  com.example.innowisefourthproject.controller.Controller - Command from request: complete_order
2026-06-05 01:59:51 [http-nio-8080-exec-3] INFO  com.example.innowisefourthproject.controller.Controller - Command class: CompleteOrderCommand
2026-06-05 01:59:51 [http-nio-8080-exec-3] INFO  com.example.innowisefourthproject.service.impl.OrderServiceImpl - CompleteOrder
2026-06-05 01:59:51 [http-nio-8080-exec-3] INFO  com.example.innowisefourthproject.dao.impl.OrderDaoImpl - Finding order by id: 8
2026-06-05 01:59:51 [http-nio-8080-exec-3] INFO  com.example.innowisefourthproject.dao.impl.OrderDaoImpl - Updating order status. orderId=8, status=COMPLETED
2026-06-05 01:59:51 [http-nio-8080-exec-3] INFO  com.example.innowisefourthproject.service.impl.OrderServiceImpl - findOrders in db
2026-06-05 01:59:51 [http-nio-8080-exec-3] INFO  com.example.innowisefourthproject.dao.impl.OrderDaoImpl - Finding all orders
2026-06-05 01:59:51 [http-nio-8080-exec-3] INFO  com.example.innowisefourthproject.controller.Controller - Page after command: pages/orders.jsp
2026-06-05 01:59:53 [http-nio-8080-exec-4] INFO  com.example.innowisefourthproject.controller.Controller - Command from request: show_items
2026-06-05 01:59:53 [http-nio-8080-exec-4] INFO  com.example.innowisefourthproject.controller.Controller - Command class: ShowItemsCommand
2026-06-05 01:59:53 [http-nio-8080-exec-4] INFO  com.example.innowisefourthproject.dao.impl.ItemDaoImpl - Find all item from db
2026-06-05 01:59:53 [http-nio-8080-exec-4] INFO  com.example.innowisefourthproject.dao.impl.ItemDaoImpl - Foud 4 items
2026-06-05 01:59:53 [http-nio-8080-exec-4] INFO  com.example.innowisefourthproject.controller.Controller - Page after command: pages/items.jsp
2026-06-05 02:00:27 [main] INFO  com.example.innowisefourthproject.pool.ConnectionPool - Connection pool was destroyed
2026-06-05 02:00:27 [main] INFO  com.example.innowisefourthproject.controller.Controller - Servlet destroyed: 
2026-06-05 02:00:27 [main] INFO  com.example.innowisefourthproject.listner.SessionCreateListenerImpl - ---------->  sessionDestroyed: BABEFCBB231E9A21169417C9A56167CA
2026-06-05 02:00:27 [main] INFO  com.example.innowisefourthproject.listner.SessionCreateListenerImpl - ---------->  sessionDestroyed: 1F245810E4122025F9D32B19D7FC0226
2026-06-05 02:00:27 [main] INFO  com.example.innowisefourthproject.listner.ServletContextListenerImpl - --------contextInitialized : Apache Tomcat/10.1.55
2026-06-05 02:00:30 [RMI TCP Connection(2)-127.0.0.1] INFO  com.example.innowisefourthproject.listner.ServletContextListenerImpl - ++++++ contextInitialized : null
2026-06-05 02:00:31 [http-nio-8080-exec-1] INFO  com.example.innowisefourthproject.listner.SessionCreateListenerImpl - ---------->  sessionCreated: 3EFFA469E249901C3D10A30F189134C3
2026-06-05 02:00:31 [http-nio-8080-exec-4] INFO  com.example.innowisefourthproject.listner.SessionCreateListenerImpl - ---------->  sessionCreated: 8A826FA6E1F8418D764C68520276813E
2026-06-05 02:00:35 [http-nio-8080-exec-5] INFO  com.example.innowisefourthproject.controller.Controller - Servlet initialized: 
2026-06-05 02:00:35 [http-nio-8080-exec-5] INFO  com.example.innowisefourthproject.pool.ConnectionPool - Connection number 1 was created
2026-06-05 02:00:35 [http-nio-8080-exec-5] INFO  com.example.innowisefourthproject.pool.ConnectionPool - Connection number 2 was created
2026-06-05 02:00:35 [http-nio-8080-exec-5] INFO  com.example.innowisefourthproject.pool.ConnectionPool - Connection number 3 was created
2026-06-05 02:00:36 [http-nio-8080-exec-5] INFO  com.example.innowisefourthproject.pool.ConnectionPool - Connection number 4 was created
2026-06-05 02:00:36 [http-nio-8080-exec-5] INFO  com.example.innowisefourthproject.pool.ConnectionPool - Connection number 5 was created
2026-06-05 02:00:36 [http-nio-8080-exec-5] INFO  com.example.innowisefourthproject.pool.ConnectionPool - Connection number 6 was created
2026-06-05 02:00:36 [http-nio-8080-exec-5] INFO  com.example.innowisefourthproject.pool.ConnectionPool - Connection number 7 was created
2026-06-05 02:00:36 [http-nio-8080-exec-5] INFO  com.example.innowisefourthproject.pool.ConnectionPool - Connection number 8 was created
2026-06-05 02:00:36 [http-nio-8080-exec-5] INFO  com.example.innowisefourthproject.pool.ConnectionPool - Connection number 9 was created
2026-06-05 02:00:36 [http-nio-8080-exec-5] INFO  com.example.innowisefourthproject.pool.ConnectionPool - Connection number 10 was created
2026-06-05 02:00:36 [http-nio-8080-exec-5] INFO  com.example.innowisefourthproject.pool.ConnectionPool - Connection pool was initialized. Pool size: 10
2026-06-05 02:00:36 [http-nio-8080-exec-5] INFO  com.example.innowisefourthproject.controller.Controller - Command from request: login
2026-06-05 02:00:36 [http-nio-8080-exec-5] INFO  com.example.innowisefourthproject.controller.Controller - Command class: LoginCommand
2026-06-05 02:00:36 [http-nio-8080-exec-5] INFO  com.example.innowisefourthproject.dao.impl.UserDaoImpl - Find user by login: qwer
2026-06-05 02:00:36 [http-nio-8080-exec-5] INFO  com.example.innowisefourthproject.listner.SessionAttributeListenerImpl - +++<<<------->  attributeAdded:null
2026-06-05 02:00:36 [http-nio-8080-exec-5] INFO  com.example.innowisefourthproject.listner.SessionAttributeListenerImpl - +++<<<------->  attributeAdded:null
2026-06-05 02:00:36 [http-nio-8080-exec-5] INFO  com.example.innowisefourthproject.listner.SessionAttributeListenerImpl - +++<<<------->  attributeAdded:null
2026-06-05 02:00:36 [http-nio-8080-exec-5] INFO  com.example.innowisefourthproject.listner.SessionAttributeListenerImpl - +++<<<------->  attributeAdded:pages/main.jsp
2026-06-05 02:00:36 [http-nio-8080-exec-5] INFO  com.example.innowisefourthproject.controller.Controller - Page after command: pages/main.jsp
2026-06-05 02:00:39 [http-nio-8080-exec-6] INFO  com.example.innowisefourthproject.controller.Controller - Command from request: show_items
2026-06-05 02:00:39 [http-nio-8080-exec-6] INFO  com.example.innowisefourthproject.controller.Controller - Command class: ShowItemsCommand
2026-06-05 02:00:39 [http-nio-8080-exec-6] INFO  com.example.innowisefourthproject.dao.impl.ItemDaoImpl - Find all item from db
2026-06-05 02:00:39 [http-nio-8080-exec-6] INFO  com.example.innowisefourthproject.dao.impl.ItemDaoImpl - Foud 4 items
2026-06-05 02:00:39 [http-nio-8080-exec-6] INFO  com.example.innowisefourthproject.controller.Controller - Page after command: pages/items.jsp
2026-06-05 02:00:40 [http-nio-8080-exec-7] INFO  com.example.innowisefourthproject.controller.Controller - Command from request: show_items
2026-06-05 02:00:40 [http-nio-8080-exec-7] INFO  com.example.innowisefourthproject.controller.Controller - Command class: ShowItemsCommand
2026-06-05 02:00:40 [http-nio-8080-exec-7] INFO  com.example.innowisefourthproject.dao.impl.ItemDaoImpl - Find all item from db
2026-06-05 02:00:40 [http-nio-8080-exec-7] INFO  com.example.innowisefourthproject.dao.impl.ItemDaoImpl - Foud 4 items
2026-06-05 02:00:40 [http-nio-8080-exec-7] INFO  com.example.innowisefourthproject.controller.Controller - Page after command: pages/items.jsp
2026-06-05 02:00:41 [http-nio-8080-exec-8] INFO  com.example.innowisefourthproject.controller.Controller - Command from request: show_items
2026-06-05 02:00:41 [http-nio-8080-exec-8] INFO  com.example.innowisefourthproject.controller.Controller - Command class: ShowItemsCommand
2026-06-05 02:00:41 [http-nio-8080-exec-8] INFO  com.example.innowisefourthproject.dao.impl.ItemDaoImpl - Find all item from db
2026-06-05 02:00:41 [http-nio-8080-exec-8] INFO  com.example.innowisefourthproject.dao.impl.ItemDaoImpl - Foud 4 items
2026-06-05 02:00:41 [http-nio-8080-exec-8] INFO  com.example.innowisefourthproject.controller.Controller - Page after command: pages/items.jsp
2026-06-05 02:00:42 [http-nio-8080-exec-9] INFO  com.example.innowisefourthproject.controller.Controller - Command from request: show_items
2026-06-05 02:00:42 [http-nio-8080-exec-9] INFO  com.example.innowisefourthproject.controller.Controller - Command class: ShowItemsCommand
2026-06-05 02:00:42 [http-nio-8080-exec-9] INFO  com.example.innowisefourthproject.dao.impl.ItemDaoImpl - Find all item from db
2026-06-05 02:00:42 [http-nio-8080-exec-9] INFO  com.example.innowisefourthproject.dao.impl.ItemDaoImpl - Foud 4 items
2026-06-05 02:00:42 [http-nio-8080-exec-9] INFO  com.example.innowisefourthproject.controller.Controller - Page after command: pages/items.jsp
2026-06-05 02:00:42 [http-nio-8080-exec-10] INFO  com.example.innowisefourthproject.controller.Controller - Command from request: show_items
2026-06-05 02:00:42 [http-nio-8080-exec-10] INFO  com.example.innowisefourthproject.controller.Controller - Command class: ShowItemsCommand
2026-06-05 02:00:42 [http-nio-8080-exec-10] INFO  com.example.innowisefourthproject.dao.impl.ItemDaoImpl - Find all item from db
2026-06-05 02:00:42 [http-nio-8080-exec-10] INFO  com.example.innowisefourthproject.dao.impl.ItemDaoImpl - Foud 4 items
2026-06-05 02:00:42 [http-nio-8080-exec-10] INFO  com.example.innowisefourthproject.controller.Controller - Page after command: pages/items.jsp
2026-06-05 02:00:55 [http-nio-8080-exec-2] INFO  com.example.innowisefourthproject.controller.Controller - Command from request: open_add_item_page
2026-06-05 02:00:55 [http-nio-8080-exec-2] INFO  com.example.innowisefourthproject.controller.Controller - Command class: OpenAddItemPageCommand
2026-06-05 02:00:55 [http-nio-8080-exec-2] INFO  com.example.innowisefourthproject.controller.Controller - Page after command: pages/add_item.jsp
2026-06-05 02:01:01 [http-nio-8080-exec-3] INFO  com.example.innowisefourthproject.controller.Controller - Command from request: show_items
2026-06-05 02:01:01 [http-nio-8080-exec-3] INFO  com.example.innowisefourthproject.controller.Controller - Command class: ShowItemsCommand
2026-06-05 02:01:01 [http-nio-8080-exec-3] INFO  com.example.innowisefourthproject.dao.impl.ItemDaoImpl - Find all item from db
2026-06-05 02:01:01 [http-nio-8080-exec-3] INFO  com.example.innowisefourthproject.dao.impl.ItemDaoImpl - Foud 4 items
2026-06-05 02:01:01 [http-nio-8080-exec-3] INFO  com.example.innowisefourthproject.controller.Controller - Page after command: pages/items.jsp
2026-06-05 02:01:03 [http-nio-8080-exec-5] INFO  com.example.innowisefourthproject.controller.Controller - Command from request: show_orders
2026-06-05 02:01:03 [http-nio-8080-exec-5] INFO  com.example.innowisefourthproject.controller.Controller - Command class: ShowOrdersCommand
2026-06-05 02:01:03 [http-nio-8080-exec-5] INFO  com.example.innowisefourthproject.service.impl.OrderServiceImpl - findOrders in db
2026-06-05 02:01:03 [http-nio-8080-exec-5] INFO  com.example.innowisefourthproject.dao.impl.OrderDaoImpl - Finding all orders
2026-06-05 02:01:03 [http-nio-8080-exec-5] INFO  com.example.innowisefourthproject.controller.Controller - Page after command: pages/orders.jsp
2026-06-05 02:01:08 [http-nio-8080-exec-6] INFO  com.example.innowisefourthproject.controller.Controller - Command from request: cancel_order
2026-06-05 02:01:08 [http-nio-8080-exec-6] INFO  com.example.innowisefourthproject.controller.Controller - Command class: CancelOrderCommand
2026-06-05 02:01:08 [http-nio-8080-exec-6] INFO  com.example.innowisefourthproject.service.impl.OrderServiceImpl - Cancel order
2026-06-05 02:01:08 [http-nio-8080-exec-6] INFO  com.example.innowisefourthproject.dao.impl.OrderDaoImpl - Finding order by id: 4
2026-06-05 02:01:08 [http-nio-8080-exec-6] INFO  com.example.innowisefourthproject.dao.impl.OrderDaoImpl - Updating order status. orderId=4, status=CANCELLED
2026-06-05 02:01:08 [http-nio-8080-exec-6] INFO  com.example.innowisefourthproject.service.impl.OrderServiceImpl - findOrders in db
2026-06-05 02:01:08 [http-nio-8080-exec-6] INFO  com.example.innowisefourthproject.dao.impl.OrderDaoImpl - Finding all orders
2026-06-05 02:01:08 [http-nio-8080-exec-6] INFO  com.example.innowisefourthproject.controller.Controller - Page after command: pages/orders.jsp
2026-06-05 02:01:09 [http-nio-8080-exec-7] INFO  com.example.innowisefourthproject.controller.Controller - Command from request: cancel_order
2026-06-05 02:01:09 [http-nio-8080-exec-7] INFO  com.example.innowisefourthproject.controller.Controller - Command class: CancelOrderCommand
2026-06-05 02:01:09 [http-nio-8080-exec-7] INFO  com.example.innowisefourthproject.service.impl.OrderServiceImpl - Cancel order
2026-06-05 02:01:09 [http-nio-8080-exec-7] INFO  com.example.innowisefourthproject.dao.impl.OrderDaoImpl - Finding order by id: 7
2026-06-05 02:01:09 [http-nio-8080-exec-7] INFO  com.example.innowisefourthproject.dao.impl.OrderDaoImpl - Updating order status. orderId=7, status=CANCELLED
2026-06-05 02:01:09 [http-nio-8080-exec-7] INFO  com.example.innowisefourthproject.service.impl.OrderServiceImpl - findOrders in db
2026-06-05 02:01:09 [http-nio-8080-exec-7] INFO  com.example.innowisefourthproject.dao.impl.OrderDaoImpl - Finding all orders
2026-06-05 02:01:09 [http-nio-8080-exec-7] INFO  com.example.innowisefourthproject.controller.Controller - Page after command: pages/orders.jsp
2026-06-05 02:15:52 [main] INFO  com.example.innowisefourthproject.pool.ConnectionPool - Connection pool was destroyed
2026-06-05 02:15:52 [main] INFO  com.example.innowisefourthproject.controller.Controller - Servlet destroyed: 
2026-06-05 02:15:52 [main] INFO  com.example.innowisefourthproject.listner.SessionCreateListenerImpl - ---------->  sessionDestroyed: 8A826FA6E1F8418D764C68520276813E
2026-06-05 02:15:52 [main] INFO  com.example.innowisefourthproject.listner.SessionCreateListenerImpl - ---------->  sessionDestroyed: 3EFFA469E249901C3D10A30F189134C3
2026-06-05 02:15:52 [main] INFO  com.example.innowisefourthproject.listner.ServletContextListenerImpl - --------contextInitialized : Apache Tomcat/10.1.55
2026-06-06 17:31:02 [RMI TCP Connection(2)-127.0.0.1] INFO  com.example.innowisefourthproject.listner.ServletContextListenerImpl - ++++++ contextInitialized : null
2026-06-06 17:31:02 [http-nio-8080-exec-1] INFO  com.example.innowisefourthproject.listner.SessionCreateListenerImpl - ---------->  sessionCreated: 3E3A20D870F01677C8C20C7B341C1843
2026-06-06 17:31:02 [http-nio-8080-exec-4] INFO  com.example.innowisefourthproject.listner.SessionCreateListenerImpl - ---------->  sessionCreated: A59E0F24EF029473052073EF4ECE6352
2026-06-06 17:31:11 [http-nio-8080-exec-5] FATAL com.example.innowisefourthproject.pool.ConnectionPool - Connection pool initialization failed
org.postgresql.util.PSQLException: Подсоединение по адресу localhost:5432 отклонено. Проверьте что хост и порт указаны правильно и что postmaster принимает TCP/IP-подсоединения.
	at org.postgresql.core.v3.ConnectionFactoryImpl.openConnectionImpl(ConnectionFactoryImpl.java:373) ~[postgresql-42.7.7.jar:42.7.7]
	at org.postgresql.core.ConnectionFactory.openConnection(ConnectionFactory.java:57) ~[postgresql-42.7.7.jar:42.7.7]
	at org.postgresql.jdbc.PgConnection.<init>(PgConnection.java:277) ~[postgresql-42.7.7.jar:42.7.7]
	at org.postgresql.Driver.makeConnection(Driver.java:448) ~[postgresql-42.7.7.jar:42.7.7]
	at org.postgresql.Driver.connect(Driver.java:298) ~[postgresql-42.7.7.jar:42.7.7]
	at java.sql/java.sql.DriverManager.getConnection(DriverManager.java:681) ~[java.sql:?]
	at java.sql/java.sql.DriverManager.getConnection(DriverManager.java:229) ~[java.sql:?]
	at com.example.innowisefourthproject.pool.ConnectionPool.<init>(ConnectionPool.java:38) [classes/:?]
	at com.example.innowisefourthproject.pool.ConnectionPool$Holder.<clinit>(ConnectionPool.java:57) [classes/:?]
	at com.example.innowisefourthproject.pool.ConnectionPool.getInstance(ConnectionPool.java:61) [classes/:?]
	at com.example.innowisefourthproject.dao.impl.ItemDaoImpl.<init>(ItemDaoImpl.java:21) [classes/:?]
	at com.example.innowisefourthproject.dao.impl.ItemDaoImpl.<clinit>(ItemDaoImpl.java:19) [classes/:?]
	at com.example.innowisefourthproject.service.impl.ItemServiceImpl.<init>(ItemServiceImpl.java:20) [classes/:?]
	at com.example.innowisefourthproject.service.impl.ItemServiceImpl.<clinit>(ItemServiceImpl.java:19) [classes/:?]
	at com.example.innowisefourthproject.api.ItemsApiServlet.<init>(ItemsApiServlet.java:19) [classes/:?]
	at java.base/jdk.internal.reflect.NativeConstructorAccessorImpl.newInstance0(Native Method) ~[?:?]
	at java.base/jdk.internal.reflect.NativeConstructorAccessorImpl.newInstance(NativeConstructorAccessorImpl.java:77) [?:?]
	at java.base/jdk.internal.reflect.DelegatingConstructorAccessorImpl.newInstance(DelegatingConstructorAccessorImpl.java:45) [?:?]
	at java.base/java.lang.reflect.Constructor.newInstanceWithCaller(Constructor.java:500) [?:?]
	at java.base/java.lang.reflect.Constructor.newInstance(Constructor.java:481) [?:?]
	at org.apache.catalina.core.DefaultInstanceManager.newInstance(DefaultInstanceManager.java:144) [catalina.jar:10.1.55]
	at org.apache.catalina.core.StandardWrapper.loadServlet(StandardWrapper.java:761) [catalina.jar:10.1.55]
	at org.apache.catalina.core.StandardWrapper.allocate(StandardWrapper.java:578) [catalina.jar:10.1.55]
	at org.apache.catalina.core.StandardWrapperValve.invoke(StandardWrapperValve.java:113) [catalina.jar:10.1.55]
	at org.apache.catalina.core.StandardContextValve.invoke(StandardContextValve.java:88) [catalina.jar:10.1.55]
	at org.apache.catalina.authenticator.AuthenticatorBase.invoke(AuthenticatorBase.java:492) [catalina.jar:10.1.55]
	at org.apache.catalina.core.StandardHostValve.invoke(StandardHostValve.java:113) [catalina.jar:10.1.55]
	at org.apache.catalina.valves.ErrorReportValve.invoke(ErrorReportValve.java:83) [catalina.jar:10.1.55]
	at org.apache.catalina.valves.AbstractAccessLogValve.invoke(AbstractAccessLogValve.java:782) [catalina.jar:10.1.55]
	at org.apache.catalina.core.StandardEngineValve.invoke(StandardEngineValve.java:72) [catalina.jar:10.1.55]
	at org.apache.catalina.connector.CoyoteAdapter.service(CoyoteAdapter.java:342) [catalina.jar:10.1.55]
	at org.apache.coyote.http11.Http11Processor.service(Http11Processor.java:399) [tomcat-coyote.jar:10.1.55]
	at org.apache.coyote.AbstractProcessorLight.process(AbstractProcessorLight.java:63) [tomcat-coyote.jar:10.1.55]
	at org.apache.coyote.AbstractProtocol$ConnectionHandler.process(AbstractProtocol.java:1272) [tomcat-coyote.jar:10.1.55]
	at org.apache.tomcat.util.net.NioEndpoint$SocketProcessor.doRun(NioEndpoint.java:1797) [tomcat-coyote.jar:10.1.55]
	at org.apache.tomcat.util.net.SocketProcessorBase.run(SocketProcessorBase.java:52) [tomcat-coyote.jar:10.1.55]
	at org.apache.tomcat.util.threads.ThreadPoolExecutor.runWorker(ThreadPoolExecutor.java:973) [tomcat-util.jar:10.1.55]
	at org.apache.tomcat.util.threads.ThreadPoolExecutor$Worker.run(ThreadPoolExecutor.java:491) [tomcat-util.jar:10.1.55]
	at org.apache.tomcat.util.threads.TaskThread$WrappingRunnable.run(TaskThread.java:63) [tomcat-util.jar:10.1.55]
	at java.base/java.lang.Thread.run(Thread.java:840) [?:?]
Caused by: java.net.ConnectException: Connection refused
	at java.base/sun.nio.ch.Net.pollConnect(Native Method) ~[?:?]
	at java.base/sun.nio.ch.Net.pollConnectNow(Net.java:684) ~[?:?]
	at java.base/sun.nio.ch.NioSocketImpl.timedFinishConnect(NioSocketImpl.java:547) ~[?:?]
	at java.base/sun.nio.ch.NioSocketImpl.connect(NioSocketImpl.java:602) ~[?:?]
	at java.base/java.net.SocksSocketImpl.connect(SocksSocketImpl.java:327) ~[?:?]
	at java.base/java.net.Socket.connect(Socket.java:633) ~[?:?]
	at org.postgresql.core.PGStream.createSocket(PGStream.java:261) ~[postgresql-42.7.7.jar:42.7.7]
	at org.postgresql.core.PGStream.<init>(PGStream.java:122) ~[postgresql-42.7.7.jar:42.7.7]
	at org.postgresql.core.v3.ConnectionFactoryImpl.tryConnect(ConnectionFactoryImpl.java:146) ~[postgresql-42.7.7.jar:42.7.7]
	at org.postgresql.core.v3.ConnectionFactoryImpl.openConnectionImpl(ConnectionFactoryImpl.java:289) ~[postgresql-42.7.7.jar:42.7.7]
	... 39 more
2026-06-06 17:32:18 [http-nio-8080-exec-8] INFO  com.example.innowisefourthproject.controller.Controller - Servlet initialized: 
2026-06-06 17:32:24 [http-nio-8080-exec-9] INFO  com.example.innowisefourthproject.controller.Controller - Servlet initialized: 
2026-06-06 17:33:02 [main] INFO  com.example.innowisefourthproject.listner.SessionCreateListenerImpl - ---------->  sessionDestroyed: 3E3A20D870F01677C8C20C7B341C1843
2026-06-06 17:33:02 [main] INFO  com.example.innowisefourthproject.listner.SessionCreateListenerImpl - ---------->  sessionDestroyed: A59E0F24EF029473052073EF4ECE6352
2026-06-06 17:33:02 [main] INFO  com.example.innowisefourthproject.listner.ServletContextListenerImpl - --------contextInitialized : Apache Tomcat/10.1.55
2026-06-06 17:33:04 [RMI TCP Connection(2)-127.0.0.1] INFO  com.example.innowisefourthproject.listner.ServletContextListenerImpl - ++++++ contextInitialized : null
2026-06-06 17:33:05 [http-nio-8080-exec-1] INFO  com.example.innowisefourthproject.listner.SessionCreateListenerImpl - ---------->  sessionCreated: B0C474602176D9D67F52346CEDAFCF27
2026-06-06 17:33:05 [http-nio-8080-exec-4] INFO  com.example.innowisefourthproject.listner.SessionCreateListenerImpl - ---------->  sessionCreated: FE98A4747CA4825635774E29F17B9C3B
2026-06-06 17:33:10 [http-nio-8080-exec-5] INFO  com.example.innowisefourthproject.controller.Controller - Servlet initialized: 
2026-06-06 17:33:10 [http-nio-8080-exec-5] INFO  com.example.innowisefourthproject.pool.ConnectionPool - Connection number 1 was created
2026-06-06 17:33:10 [http-nio-8080-exec-5] INFO  com.example.innowisefourthproject.pool.ConnectionPool - Connection number 2 was created
2026-06-06 17:33:10 [http-nio-8080-exec-5] INFO  com.example.innowisefourthproject.pool.ConnectionPool - Connection number 3 was created
2026-06-06 17:33:10 [http-nio-8080-exec-5] INFO  com.example.innowisefourthproject.pool.ConnectionPool - Connection number 4 was created
2026-06-06 17:33:10 [http-nio-8080-exec-5] INFO  com.example.innowisefourthproject.pool.ConnectionPool - Connection number 5 was created
2026-06-06 17:33:10 [http-nio-8080-exec-5] INFO  com.example.innowisefourthproject.pool.ConnectionPool - Connection number 6 was created
2026-06-06 17:33:10 [http-nio-8080-exec-5] INFO  com.example.innowisefourthproject.pool.ConnectionPool - Connection number 7 was created
2026-06-06 17:33:10 [http-nio-8080-exec-5] INFO  com.example.innowisefourthproject.pool.ConnectionPool - Connection number 8 was created
2026-06-06 17:33:10 [http-nio-8080-exec-5] INFO  com.example.innowisefourthproject.pool.ConnectionPool - Connection number 9 was created
2026-06-06 17:33:11 [http-nio-8080-exec-5] INFO  com.example.innowisefourthproject.pool.ConnectionPool - Connection number 10 was created
2026-06-06 17:33:11 [http-nio-8080-exec-5] INFO  com.example.innowisefourthproject.pool.ConnectionPool - Connection pool was initialized. Pool size: 10
2026-06-06 17:33:11 [http-nio-8080-exec-5] INFO  com.example.innowisefourthproject.controller.Controller - Command from request: login
2026-06-06 17:33:11 [http-nio-8080-exec-5] INFO  com.example.innowisefourthproject.controller.Controller - Command class: LoginCommand
2026-06-06 17:33:11 [http-nio-8080-exec-5] INFO  com.example.innowisefourthproject.dao.impl.UserDaoImpl - Find user by login: qwer
2026-06-06 17:33:11 [http-nio-8080-exec-5] INFO  com.example.innowisefourthproject.listner.SessionAttributeListenerImpl - +++<<<------->  attributeAdded:null
2026-06-06 17:33:11 [http-nio-8080-exec-5] INFO  com.example.innowisefourthproject.listner.SessionAttributeListenerImpl - +++<<<------->  attributeAdded:null
2026-06-06 17:33:11 [http-nio-8080-exec-5] INFO  com.example.innowisefourthproject.listner.SessionAttributeListenerImpl - +++<<<------->  attributeAdded:null
2026-06-06 17:33:11 [http-nio-8080-exec-5] INFO  com.example.innowisefourthproject.listner.SessionAttributeListenerImpl - +++<<<------->  attributeAdded:pages/main.jsp
2026-06-06 17:33:11 [http-nio-8080-exec-5] INFO  com.example.innowisefourthproject.controller.Controller - Page after command: pages/main.jsp
2026-06-06 17:33:21 [http-nio-8080-exec-6] INFO  com.example.innowisefourthproject.dao.impl.ItemDaoImpl - Find all item from db
2026-06-06 17:33:21 [http-nio-8080-exec-6] INFO  com.example.innowisefourthproject.dao.impl.ItemDaoImpl - Foud 4 items
2026-06-06 17:42:45 [main] INFO  com.example.innowisefourthproject.pool.ConnectionPool - Connection pool was destroyed
2026-06-06 17:42:45 [main] INFO  com.example.innowisefourthproject.controller.Controller - Servlet destroyed: 
2026-06-06 17:42:45 [main] INFO  com.example.innowisefourthproject.listner.SessionCreateListenerImpl - ---------->  sessionDestroyed: FE98A4747CA4825635774E29F17B9C3B
2026-06-06 17:42:45 [main] INFO  com.example.innowisefourthproject.listner.SessionCreateListenerImpl - ---------->  sessionDestroyed: B0C474602176D9D67F52346CEDAFCF27
2026-06-06 17:42:45 [main] INFO  com.example.innowisefourthproject.listner.ServletContextListenerImpl - --------contextInitialized : Apache Tomcat/10.1.55
2026-06-06 17:42:49 [RMI TCP Connection(2)-127.0.0.1] INFO  com.example.innowisefourthproject.listner.ServletContextListenerImpl - ++++++ contextInitialized : null
2026-06-06 17:42:50 [http-nio-8080-exec-1] INFO  com.example.innowisefourthproject.listner.SessionCreateListenerImpl - ---------->  sessionCreated: CD7BADD5343B2C18E48C2BEC35E1FC59
2026-06-06 17:42:50 [http-nio-8080-exec-4] INFO  com.example.innowisefourthproject.listner.SessionCreateListenerImpl - ---------->  sessionCreated: 09B62D714591DDCEDCE2B1615C196B53
2026-06-06 17:43:31 [http-nio-8080-exec-9] INFO  com.example.innowisefourthproject.pool.ConnectionPool - Connection number 1 was created
2026-06-06 17:43:31 [http-nio-8080-exec-9] INFO  com.example.innowisefourthproject.pool.ConnectionPool - Connection number 2 was created
2026-06-06 17:43:31 [http-nio-8080-exec-9] INFO  com.example.innowisefourthproject.pool.ConnectionPool - Connection number 3 was created
2026-06-06 17:43:31 [http-nio-8080-exec-9] INFO  com.example.innowisefourthproject.pool.ConnectionPool - Connection number 4 was created
2026-06-06 17:43:31 [http-nio-8080-exec-9] INFO  com.example.innowisefourthproject.pool.ConnectionPool - Connection number 5 was created
2026-06-06 17:43:31 [http-nio-8080-exec-9] INFO  com.example.innowisefourthproject.pool.ConnectionPool - Connection number 6 was created
2026-06-06 17:43:31 [http-nio-8080-exec-9] INFO  com.example.innowisefourthproject.pool.ConnectionPool - Connection number 7 was created
2026-06-06 17:43:31 [http-nio-8080-exec-9] INFO  com.example.innowisefourthproject.pool.ConnectionPool - Connection number 8 was created
2026-06-06 17:43:31 [http-nio-8080-exec-9] INFO  com.example.innowisefourthproject.pool.ConnectionPool - Connection number 9 was created
2026-06-06 17:43:31 [http-nio-8080-exec-9] INFO  com.example.innowisefourthproject.pool.ConnectionPool - Connection number 10 was created
2026-06-06 17:43:31 [http-nio-8080-exec-9] INFO  com.example.innowisefourthproject.pool.ConnectionPool - Connection pool was initialized. Pool size: 10
2026-06-06 17:43:31 [http-nio-8080-exec-9] INFO  com.example.innowisefourthproject.dao.impl.ItemDaoImpl - Find all item from db
2026-06-06 17:43:31 [http-nio-8080-exec-9] INFO  com.example.innowisefourthproject.dao.impl.ItemDaoImpl - Foud 4 items
2026-06-06 17:46:19 [main] INFO  com.example.innowisefourthproject.listner.SessionCreateListenerImpl - ---------->  sessionDestroyed: 09B62D714591DDCEDCE2B1615C196B53
2026-06-06 17:46:19 [main] INFO  com.example.innowisefourthproject.listner.SessionCreateListenerImpl - ---------->  sessionDestroyed: CD7BADD5343B2C18E48C2BEC35E1FC59
2026-06-06 17:46:19 [main] INFO  com.example.innowisefourthproject.listner.ServletContextListenerImpl - --------contextInitialized : Apache Tomcat/10.1.55
2026-06-06 18:36:24 [RMI TCP Connection(2)-127.0.0.1] INFO  com.example.innowisefourthproject.listner.ServletContextListenerImpl - ++++++ contextInitialized : null
2026-06-06 18:36:25 [http-nio-8080-exec-2] INFO  com.example.innowisefourthproject.listner.SessionCreateListenerImpl - ---------->  sessionCreated: FDA7ED0F8F9E7FF149C99BD7B7732CAC
2026-06-06 18:36:25 [http-nio-8080-exec-4] INFO  com.example.innowisefourthproject.listner.SessionCreateListenerImpl - ---------->  sessionCreated: E50381A8F2F5442EDC2C0B789214306B
2026-06-06 18:36:35 [http-nio-8080-exec-5] INFO  com.example.innowisefourthproject.controller.Controller - Servlet initialized: 
2026-06-06 18:36:35 [http-nio-8080-exec-5] INFO  com.example.innowisefourthproject.pool.ConnectionPool - Connection number 1 was created
2026-06-06 18:36:35 [http-nio-8080-exec-5] INFO  com.example.innowisefourthproject.pool.ConnectionPool - Connection number 2 was created
2026-06-06 18:36:36 [http-nio-8080-exec-5] INFO  com.example.innowisefourthproject.pool.ConnectionPool - Connection number 3 was created
2026-06-06 18:36:36 [http-nio-8080-exec-5] INFO  com.example.innowisefourthproject.pool.ConnectionPool - Connection number 4 was created
2026-06-06 18:36:36 [http-nio-8080-exec-5] INFO  com.example.innowisefourthproject.pool.ConnectionPool - Connection number 5 was created
2026-06-06 18:36:36 [http-nio-8080-exec-5] INFO  com.example.innowisefourthproject.pool.ConnectionPool - Connection number 6 was created
2026-06-06 18:36:36 [http-nio-8080-exec-5] INFO  com.example.innowisefourthproject.pool.ConnectionPool - Connection number 7 was created
2026-06-06 18:36:36 [http-nio-8080-exec-5] INFO  com.example.innowisefourthproject.pool.ConnectionPool - Connection number 8 was created
2026-06-06 18:36:36 [http-nio-8080-exec-5] INFO  com.example.innowisefourthproject.pool.ConnectionPool - Connection number 9 was created
2026-06-06 18:36:36 [http-nio-8080-exec-5] INFO  com.example.innowisefourthproject.pool.ConnectionPool - Connection number 10 was created
2026-06-06 18:36:36 [http-nio-8080-exec-5] INFO  com.example.innowisefourthproject.pool.ConnectionPool - Connection pool was initialized. Pool size: 10
2026-06-06 18:36:36 [http-nio-8080-exec-5] INFO  com.example.innowisefourthproject.controller.Controller - Command from request: login
2026-06-06 18:36:36 [http-nio-8080-exec-5] INFO  com.example.innowisefourthproject.controller.Controller - Command class: LoginCommand
2026-06-06 18:36:36 [http-nio-8080-exec-5] INFO  com.example.innowisefourthproject.dao.impl.UserDaoImpl - Find user by login: qwer
2026-06-06 18:36:36 [http-nio-8080-exec-5] INFO  com.example.innowisefourthproject.listner.SessionAttributeListenerImpl - +++<<<------->  attributeAdded:null
2026-06-06 18:36:36 [http-nio-8080-exec-5] INFO  com.example.innowisefourthproject.listner.SessionAttributeListenerImpl - +++<<<------->  attributeAdded:null
2026-06-06 18:36:36 [http-nio-8080-exec-5] INFO  com.example.innowisefourthproject.listner.SessionAttributeListenerImpl - +++<<<------->  attributeAdded:null
2026-06-06 18:36:36 [http-nio-8080-exec-5] INFO  com.example.innowisefourthproject.listner.SessionAttributeListenerImpl - +++<<<------->  attributeAdded:pages/main.jsp
2026-06-06 18:36:36 [http-nio-8080-exec-5] INFO  com.example.innowisefourthproject.controller.Controller - Page after command: pages/main.jsp
2026-06-06 18:36:44 [http-nio-8080-exec-6] INFO  com.example.innowisefourthproject.controller.Controller - Command from request: show_items
2026-06-06 18:36:44 [http-nio-8080-exec-6] INFO  com.example.innowisefourthproject.controller.Controller - Command class: ShowItemsCommand
2026-06-06 18:36:44 [http-nio-8080-exec-6] INFO  com.example.innowisefourthproject.dao.impl.ItemDaoImpl - Find all item from db
2026-06-06 18:36:44 [http-nio-8080-exec-6] INFO  com.example.innowisefourthproject.dao.impl.ItemDaoImpl - Foud 4 items
2026-06-06 18:36:44 [http-nio-8080-exec-6] INFO  com.example.innowisefourthproject.controller.Controller - Page after command: pages/items.jsp
2026-06-06 18:36:45 [http-nio-8080-exec-7] INFO  com.example.innowisefourthproject.controller.Controller - Command from request: open_add_item_page
2026-06-06 18:36:45 [http-nio-8080-exec-7] INFO  com.example.innowisefourthproject.controller.Controller - Command class: OpenAddItemPageCommand
2026-06-06 18:36:45 [http-nio-8080-exec-7] INFO  com.example.innowisefourthproject.controller.Controller - Page after command: pages/add_item.jsp
2026-06-06 18:36:51 [http-nio-8080-exec-9] INFO  com.example.innowisefourthproject.controller.Controller - Command from request: add_item
2026-06-06 18:36:51 [http-nio-8080-exec-9] INFO  com.example.innowisefourthproject.controller.Controller - Command class: AddItemCommand
2026-06-06 18:36:51 [http-nio-8080-exec-9] INFO  com.example.innowisefourthproject.dao.impl.ItemDaoImpl - Adding item with name: 1231
2026-06-06 18:36:51 [http-nio-8080-exec-9] INFO  com.example.innowisefourthproject.dao.impl.ItemDaoImpl - Item insert result: true
2026-06-06 18:36:51 [http-nio-8080-exec-9] INFO  com.example.innowisefourthproject.listner.SessionAttributeListenerImpl - +++<<<------->  attributeAdded:null
2026-06-06 18:36:51 [http-nio-8080-exec-9] INFO  com.example.innowisefourthproject.listner.SessionAttributeListenerImpl - +++<<<------->  attributeAdded:pages/main.jsp
2026-06-06 18:36:51 [http-nio-8080-exec-9] INFO  com.example.innowisefourthproject.controller.Controller - Page after command: redirect:/controller?command=show_items
2026-06-06 18:36:51 [http-nio-8080-exec-10] INFO  com.example.innowisefourthproject.controller.Controller - Command from request: show_items
2026-06-06 18:36:51 [http-nio-8080-exec-10] INFO  com.example.innowisefourthproject.controller.Controller - Command class: ShowItemsCommand
2026-06-06 18:36:51 [http-nio-8080-exec-10] INFO  com.example.innowisefourthproject.dao.impl.ItemDaoImpl - Find all item from db
2026-06-06 18:36:51 [http-nio-8080-exec-10] INFO  com.example.innowisefourthproject.dao.impl.ItemDaoImpl - Foud 5 items
2026-06-06 18:36:51 [http-nio-8080-exec-10] INFO  com.example.innowisefourthproject.listner.SessionAttributeListenerImpl - <<<------->  attributeRemoved:null
2026-06-06 18:36:51 [http-nio-8080-exec-10] INFO  com.example.innowisefourthproject.listner.SessionAttributeListenerImpl - <<<------->  attributeRemoved:pages/main.jsp
2026-06-06 18:36:51 [http-nio-8080-exec-10] INFO  com.example.innowisefourthproject.controller.Controller - Page after command: pages/items.jsp
2026-06-06 18:37:08 [http-nio-8080-exec-1] INFO  com.example.innowisefourthproject.controller.Controller - Command from request: show_items
2026-06-06 18:37:08 [http-nio-8080-exec-1] INFO  com.example.innowisefourthproject.controller.Controller - Command class: ShowItemsCommand
2026-06-06 18:37:08 [http-nio-8080-exec-1] INFO  com.example.innowisefourthproject.dao.impl.ItemDaoImpl - Find all item from db
2026-06-06 18:37:08 [http-nio-8080-exec-1] INFO  com.example.innowisefourthproject.dao.impl.ItemDaoImpl - Foud 5 items
2026-06-06 18:37:08 [http-nio-8080-exec-1] INFO  com.example.innowisefourthproject.controller.Controller - Page after command: pages/items.jsp
2026-06-06 18:37:09 [http-nio-8080-exec-3] INFO  com.example.innowisefourthproject.controller.Controller - Command from request: show_items
2026-06-06 18:37:09 [http-nio-8080-exec-3] INFO  com.example.innowisefourthproject.controller.Controller - Command class: ShowItemsCommand
2026-06-06 18:37:09 [http-nio-8080-exec-3] INFO  com.example.innowisefourthproject.dao.impl.ItemDaoImpl - Find all item from db
2026-06-06 18:37:09 [http-nio-8080-exec-3] INFO  com.example.innowisefourthproject.dao.impl.ItemDaoImpl - Foud 5 items
2026-06-06 18:37:09 [http-nio-8080-exec-3] INFO  com.example.innowisefourthproject.controller.Controller - Page after command: pages/items.jsp
2026-06-06 18:37:16 [http-nio-8080-exec-4] INFO  com.example.innowisefourthproject.controller.Controller - Command from request: show_items
2026-06-06 18:37:16 [http-nio-8080-exec-4] INFO  com.example.innowisefourthproject.controller.Controller - Command class: ShowItemsCommand
2026-06-06 18:37:16 [http-nio-8080-exec-4] INFO  com.example.innowisefourthproject.dao.impl.ItemDaoImpl - Find all item from db
2026-06-06 18:37:16 [http-nio-8080-exec-4] INFO  com.example.innowisefourthproject.dao.impl.ItemDaoImpl - Foud 5 items
2026-06-06 18:37:16 [http-nio-8080-exec-4] INFO  com.example.innowisefourthproject.controller.Controller - Page after command: pages/items.jsp
2026-06-06 18:39:28 [main] INFO  com.example.innowisefourthproject.pool.ConnectionPool - Connection pool was destroyed
2026-06-06 18:39:28 [main] INFO  com.example.innowisefourthproject.controller.Controller - Servlet destroyed: 
2026-06-06 18:39:28 [main] INFO  com.example.innowisefourthproject.listner.SessionCreateListenerImpl - ---------->  sessionDestroyed: FDA7ED0F8F9E7FF149C99BD7B7732CAC
2026-06-06 18:39:28 [main] INFO  com.example.innowisefourthproject.listner.SessionCreateListenerImpl - ---------->  sessionDestroyed: E50381A8F2F5442EDC2C0B789214306B
2026-06-06 18:39:28 [main] INFO  com.example.innowisefourthproject.listner.ServletContextListenerImpl - --------contextInitialized : Apache Tomcat/10.1.55
2026-06-06 18:39:31 [RMI TCP Connection(2)-127.0.0.1] INFO  com.example.innowisefourthproject.listner.ServletContextListenerImpl - ++++++ contextInitialized : null
2026-06-06 18:39:32 [http-nio-8080-exec-1] INFO  com.example.innowisefourthproject.listner.SessionCreateListenerImpl - ---------->  sessionCreated: 7CD621302073B36C7FAF8F3671869859
2026-06-06 18:39:33 [http-nio-8080-exec-4] INFO  com.example.innowisefourthproject.listner.SessionCreateListenerImpl - ---------->  sessionCreated: 2A7BB6C34120ACD8B3B89C448DB5A064
2026-06-06 18:39:34 [http-nio-8080-exec-5] INFO  com.example.innowisefourthproject.filter.SecurityFilter - Unauthorized access to protected page: /InnowiseFourthProject_war_exploded/pages/register.jsp
2026-06-06 18:39:37 [http-nio-8080-exec-7] INFO  com.example.innowisefourthproject.filter.SecurityFilter - Unauthorized access to protected page: /InnowiseFourthProject_war_exploded/pages/register.jsp
2026-06-06 18:39:38 [http-nio-8080-exec-9] INFO  com.example.innowisefourthproject.filter.SecurityFilter - Unauthorized access to protected page: /InnowiseFourthProject_war_exploded/pages/register.jsp
2026-06-06 18:39:38 [http-nio-8080-exec-1] INFO  com.example.innowisefourthproject.filter.SecurityFilter - Unauthorized access to protected page: /InnowiseFourthProject_war_exploded/pages/register.jsp
2026-06-06 18:39:38 [http-nio-8080-exec-3] INFO  com.example.innowisefourthproject.filter.SecurityFilter - Unauthorized access to protected page: /InnowiseFourthProject_war_exploded/pages/register.jsp
2026-06-06 18:39:39 [http-nio-8080-exec-5] INFO  com.example.innowisefourthproject.filter.SecurityFilter - Unauthorized access to protected page: /InnowiseFourthProject_war_exploded/pages/register.jsp
2026-06-06 18:39:40 [http-nio-8080-exec-7] INFO  com.example.innowisefourthproject.filter.SecurityFilter - Unauthorized access to protected page: /InnowiseFourthProject_war_exploded/pages/register.jsp
2026-06-06 18:39:57 [main] INFO  com.example.innowisefourthproject.listner.SessionCreateListenerImpl - ---------->  sessionDestroyed: 2A7BB6C34120ACD8B3B89C448DB5A064
2026-06-06 18:39:57 [main] INFO  com.example.innowisefourthproject.listner.SessionCreateListenerImpl - ---------->  sessionDestroyed: 7CD621302073B36C7FAF8F3671869859
2026-06-06 18:39:57 [main] INFO  com.example.innowisefourthproject.listner.ServletContextListenerImpl - --------contextInitialized : Apache Tomcat/10.1.55
2026-06-06 18:40:00 [RMI TCP Connection(2)-127.0.0.1] INFO  com.example.innowisefourthproject.listner.ServletContextListenerImpl - ++++++ contextInitialized : null
2026-06-06 18:40:01 [http-nio-8080-exec-1] INFO  com.example.innowisefourthproject.listner.SessionCreateListenerImpl - ---------->  sessionCreated: 66A40CDB1000B3DE892B85A9679BAED7
2026-06-06 18:40:01 [http-nio-8080-exec-4] INFO  com.example.innowisefourthproject.listner.SessionCreateListenerImpl - ---------->  sessionCreated: 9811BC8D188CF2628CA288B1674F2BEE
2026-06-06 18:40:02 [http-nio-8080-exec-5] INFO  com.example.innowisefourthproject.filter.SecurityFilter - Unauthorized access to protected page: /InnowiseFourthProject_war_exploded/pages/register.jsp
2026-06-06 18:40:03 [http-nio-8080-exec-7] INFO  com.example.innowisefourthproject.filter.SecurityFilter - Unauthorized access to protected page: /InnowiseFourthProject_war_exploded/pages/register.jsp
2026-06-06 18:41:52 [main] INFO  com.example.innowisefourthproject.listner.SessionCreateListenerImpl - ---------->  sessionDestroyed: 66A40CDB1000B3DE892B85A9679BAED7
2026-06-06 18:41:52 [main] INFO  com.example.innowisefourthproject.listner.SessionCreateListenerImpl - ---------->  sessionDestroyed: 9811BC8D188CF2628CA288B1674F2BEE
2026-06-06 18:41:52 [main] INFO  com.example.innowisefourthproject.listner.ServletContextListenerImpl - --------contextInitialized : Apache Tomcat/10.1.55
2026-06-06 18:41:55 [RMI TCP Connection(2)-127.0.0.1] INFO  com.example.innowisefourthproject.listner.ServletContextListenerImpl - ++++++ contextInitialized : null
2026-06-06 18:41:56 [http-nio-8080-exec-1] INFO  com.example.innowisefourthproject.listner.SessionCreateListenerImpl - ---------->  sessionCreated: 6196726CD8F795729332C4B5F7DD9553
2026-06-06 18:41:56 [http-nio-8080-exec-4] INFO  com.example.innowisefourthproject.listner.SessionCreateListenerImpl - ---------->  sessionCreated: 12AFCB94A7986F6D7F1701864A0D9490
2026-06-06 18:41:58 [http-nio-8080-exec-5] INFO  com.example.innowisefourthproject.filter.SecurityFilter - Unauthorized access to protected page: /InnowiseFourthProject_war_exploded/pages/register.jsp
2026-06-06 18:41:58 [http-nio-8080-exec-7] INFO  com.example.innowisefourthproject.filter.SecurityFilter - Unauthorized access to protected page: /InnowiseFourthProject_war_exploded/pages/register.jsp
2026-06-06 18:45:54 [main] INFO  com.example.innowisefourthproject.listner.SessionCreateListenerImpl - ---------->  sessionDestroyed: 6196726CD8F795729332C4B5F7DD9553
2026-06-06 18:45:54 [main] INFO  com.example.innowisefourthproject.listner.SessionCreateListenerImpl - ---------->  sessionDestroyed: 12AFCB94A7986F6D7F1701864A0D9490
2026-06-06 18:45:54 [main] INFO  com.example.innowisefourthproject.listner.ServletContextListenerImpl - --------contextInitialized : Apache Tomcat/10.1.55
2026-06-06 18:45:57 [RMI TCP Connection(2)-127.0.0.1] INFO  com.example.innowisefourthproject.listner.ServletContextListenerImpl - ++++++ contextInitialized : null
2026-06-06 18:45:58 [http-nio-8080-exec-1] INFO  com.example.innowisefourthproject.listner.SessionCreateListenerImpl - ---------->  sessionCreated: 82F852F03B353C89A66C07DA794A24D0
2026-06-06 18:45:59 [http-nio-8080-exec-4] INFO  com.example.innowisefourthproject.listner.SessionCreateListenerImpl - ---------->  sessionCreated: 20424D0D0658544DC44DBA315D9505E2
2026-06-06 18:46:11 [http-nio-8080-exec-6] INFO  com.example.innowisefourthproject.controller.Controller - Servlet initialized: 
2026-06-06 18:46:11 [http-nio-8080-exec-6] INFO  com.example.innowisefourthproject.pool.ConnectionPool - Connection number 1 was created
2026-06-06 18:46:11 [http-nio-8080-exec-6] INFO  com.example.innowisefourthproject.pool.ConnectionPool - Connection number 2 was created
2026-06-06 18:46:11 [http-nio-8080-exec-6] INFO  com.example.innowisefourthproject.pool.ConnectionPool - Connection number 3 was created
2026-06-06 18:46:11 [http-nio-8080-exec-6] INFO  com.example.innowisefourthproject.pool.ConnectionPool - Connection number 4 was created
2026-06-06 18:46:11 [http-nio-8080-exec-6] INFO  com.example.innowisefourthproject.pool.ConnectionPool - Connection number 5 was created
2026-06-06 18:46:11 [http-nio-8080-exec-6] INFO  com.example.innowisefourthproject.pool.ConnectionPool - Connection number 6 was created
2026-06-06 18:46:12 [http-nio-8080-exec-6] INFO  com.example.innowisefourthproject.pool.ConnectionPool - Connection number 7 was created
2026-06-06 18:46:12 [http-nio-8080-exec-6] INFO  com.example.innowisefourthproject.pool.ConnectionPool - Connection number 8 was created
2026-06-06 18:46:12 [http-nio-8080-exec-6] INFO  com.example.innowisefourthproject.pool.ConnectionPool - Connection number 9 was created
2026-06-06 18:46:12 [http-nio-8080-exec-6] INFO  com.example.innowisefourthproject.pool.ConnectionPool - Connection number 10 was created
2026-06-06 18:46:12 [http-nio-8080-exec-6] INFO  com.example.innowisefourthproject.pool.ConnectionPool - Connection pool was initialized. Pool size: 10
2026-06-06 18:46:12 [http-nio-8080-exec-6] INFO  com.example.innowisefourthproject.controller.Controller - Command from request: add_user
2026-06-06 18:46:12 [http-nio-8080-exec-6] INFO  com.example.innowisefourthproject.controller.Controller - Command class: AddUserCommand
2026-06-06 18:46:12 [http-nio-8080-exec-6] INFO  com.example.innowisefourthproject.dao.impl.UserDaoImpl - Check user exists by login: 123
2026-06-06 18:46:12 [http-nio-8080-exec-6] INFO  com.example.innowisefourthproject.dao.impl.UserDaoImpl - User DAO registration with login: 123
2026-06-06 18:46:12 [http-nio-8080-exec-6] INFO  com.example.innowisefourthproject.dao.impl.UserDaoImpl - User insert result: true
2026-06-06 18:46:12 [http-nio-8080-exec-6] INFO  com.example.innowisefourthproject.listner.SessionAttributeListenerImpl - +++<<<------->  attributeAdded:null
2026-06-06 18:46:12 [http-nio-8080-exec-6] INFO  com.example.innowisefourthproject.listner.SessionAttributeListenerImpl - +++<<<------->  attributeAdded:null
2026-06-06 18:46:12 [http-nio-8080-exec-6] INFO  com.example.innowisefourthproject.controller.Controller - Page after command: redirect:/index.jsp
2026-06-06 18:46:12 [http-nio-8080-exec-7] INFO  com.example.innowisefourthproject.listner.SessionAttributeListenerImpl - <<<------->  attributeRemoved:null
2026-06-06 18:46:12 [http-nio-8080-exec-7] INFO  com.example.innowisefourthproject.listner.SessionAttributeListenerImpl - <<<------->  attributeRemoved:null
2026-06-06 18:57:11 [main] INFO  com.example.innowisefourthproject.pool.ConnectionPool - Connection pool was destroyed
2026-06-06 18:57:11 [main] INFO  com.example.innowisefourthproject.controller.Controller - Servlet destroyed: 
2026-06-06 18:57:11 [main] INFO  com.example.innowisefourthproject.listner.SessionCreateListenerImpl - ---------->  sessionDestroyed: 20424D0D0658544DC44DBA315D9505E2
2026-06-06 18:57:11 [main] INFO  com.example.innowisefourthproject.listner.SessionCreateListenerImpl - ---------->  sessionDestroyed: 82F852F03B353C89A66C07DA794A24D0
2026-06-06 18:57:11 [main] INFO  com.example.innowisefourthproject.listner.ServletContextListenerImpl - --------contextInitialized : Apache Tomcat/10.1.55
2026-06-06 19:18:05 [main] INFO  com.example.innowisefourthproject.pool.ConnectionPool - Connection number 1 was created
2026-06-06 19:18:05 [main] INFO  com.example.innowisefourthproject.pool.ConnectionPool - Connection number 2 was created
2026-06-06 19:18:05 [main] INFO  com.example.innowisefourthproject.pool.ConnectionPool - Connection number 3 was created
2026-06-06 19:18:05 [main] INFO  com.example.innowisefourthproject.pool.ConnectionPool - Connection number 4 was created
2026-06-06 19:18:05 [main] INFO  com.example.innowisefourthproject.pool.ConnectionPool - Connection number 5 was created
2026-06-06 19:18:05 [main] INFO  com.example.innowisefourthproject.pool.ConnectionPool - Connection number 6 was created
2026-06-06 19:18:05 [main] INFO  com.example.innowisefourthproject.pool.ConnectionPool - Connection number 7 was created
2026-06-06 19:18:05 [main] INFO  com.example.innowisefourthproject.pool.ConnectionPool - Connection number 8 was created
2026-06-06 19:18:05 [main] INFO  com.example.innowisefourthproject.pool.ConnectionPool - Connection number 9 was created
2026-06-06 19:18:05 [main] INFO  com.example.innowisefourthproject.pool.ConnectionPool - Connection number 10 was created
2026-06-06 19:18:05 [main] INFO  com.example.innowisefourthproject.pool.ConnectionPool - Connection pool was initialized. Pool size: 10
2026-06-06 19:25:05 [main] INFO  com.example.innowisefourthproject.pool.ConnectionPool - Connection number 1 was created
2026-06-06 19:25:05 [main] INFO  com.example.innowisefourthproject.pool.ConnectionPool - Connection number 2 was created
2026-06-06 19:25:05 [main] INFO  com.example.innowisefourthproject.pool.ConnectionPool - Connection number 3 was created
2026-06-06 19:25:05 [main] INFO  com.example.innowisefourthproject.pool.ConnectionPool - Connection number 4 was created
2026-06-06 19:25:05 [main] INFO  com.example.innowisefourthproject.pool.ConnectionPool - Connection number 5 was created
2026-06-06 19:25:05 [main] INFO  com.example.innowisefourthproject.pool.ConnectionPool - Connection number 6 was created
2026-06-06 19:25:05 [main] INFO  com.example.innowisefourthproject.pool.ConnectionPool - Connection number 7 was created
2026-06-06 19:25:05 [main] INFO  com.example.innowisefourthproject.pool.ConnectionPool - Connection number 8 was created
2026-06-06 19:25:05 [main] INFO  com.example.innowisefourthproject.pool.ConnectionPool - Connection number 9 was created
2026-06-06 19:25:05 [main] INFO  com.example.innowisefourthproject.pool.ConnectionPool - Connection number 10 was created
2026-06-06 19:25:05 [main] INFO  com.example.innowisefourthproject.pool.ConnectionPool - Connection pool was initialized. Pool size: 10
2026-06-06 19:25:05 [main] ERROR com.example.innowisefourthproject.service.impl.ItemServiceImpl - Error adding item
2026-06-06 19:26:27 [main] INFO  com.example.innowisefourthproject.pool.ConnectionPool - Connection number 1 was created
2026-06-06 19:26:27 [main] INFO  com.example.innowisefourthproject.pool.ConnectionPool - Connection number 2 was created
2026-06-06 19:26:27 [main] INFO  com.example.innowisefourthproject.pool.ConnectionPool - Connection number 3 was created
2026-06-06 19:26:27 [main] INFO  com.example.innowisefourthproject.pool.ConnectionPool - Connection number 4 was created
2026-06-06 19:26:27 [main] INFO  com.example.innowisefourthproject.pool.ConnectionPool - Connection number 5 was created
2026-06-06 19:26:27 [main] INFO  com.example.innowisefourthproject.pool.ConnectionPool - Connection number 6 was created
2026-06-06 19:26:28 [main] INFO  com.example.innowisefourthproject.pool.ConnectionPool - Connection number 7 was created
2026-06-06 19:26:28 [main] INFO  com.example.innowisefourthproject.pool.ConnectionPool - Connection number 8 was created
2026-06-06 19:26:28 [main] INFO  com.example.innowisefourthproject.pool.ConnectionPool - Connection number 9 was created
2026-06-06 19:26:28 [main] INFO  com.example.innowisefourthproject.pool.ConnectionPool - Connection number 10 was created
2026-06-06 19:26:28 [main] INFO  com.example.innowisefourthproject.pool.ConnectionPool - Connection pool was initialized. Pool size: 10
2026-06-06 19:26:28 [main] ERROR com.example.innowisefourthproject.service.impl.ItemServiceImpl - Error adding item
2026-06-06 19:26:41 [main] INFO  com.example.innowisefourthproject.pool.ConnectionPool - Connection number 1 was created
2026-06-06 19:26:41 [main] INFO  com.example.innowisefourthproject.pool.ConnectionPool - Connection number 2 was created
2026-06-06 19:26:41 [main] INFO  com.example.innowisefourthproject.pool.ConnectionPool - Connection number 3 was created
2026-06-06 19:26:41 [main] INFO  com.example.innowisefourthproject.pool.ConnectionPool - Connection number 4 was created
2026-06-06 19:26:41 [main] INFO  com.example.innowisefourthproject.pool.ConnectionPool - Connection number 5 was created
2026-06-06 19:26:41 [main] INFO  com.example.innowisefourthproject.pool.ConnectionPool - Connection number 6 was created
2026-06-06 19:26:41 [main] INFO  com.example.innowisefourthproject.pool.ConnectionPool - Connection number 7 was created
2026-06-06 19:26:41 [main] INFO  com.example.innowisefourthproject.pool.ConnectionPool - Connection number 8 was created
2026-06-06 19:26:41 [main] INFO  com.example.innowisefourthproject.pool.ConnectionPool - Connection number 9 was created
2026-06-06 19:26:41 [main] INFO  com.example.innowisefourthproject.pool.ConnectionPool - Connection number 10 was created
2026-06-06 19:26:41 [main] INFO  com.example.innowisefourthproject.pool.ConnectionPool - Connection pool was initialized. Pool size: 10
2026-06-06 19:26:47 [main] INFO  com.example.innowisefourthproject.pool.ConnectionPool - Connection number 1 was created
2026-06-06 19:26:47 [main] INFO  com.example.innowisefourthproject.pool.ConnectionPool - Connection number 2 was created
2026-06-06 19:26:47 [main] INFO  com.example.innowisefourthproject.pool.ConnectionPool - Connection number 3 was created
2026-06-06 19:26:47 [main] INFO  com.example.innowisefourthproject.pool.ConnectionPool - Connection number 4 was created
2026-06-06 19:26:47 [main] INFO  com.example.innowisefourthproject.pool.ConnectionPool - Connection number 5 was created
2026-06-06 19:26:47 [main] INFO  com.example.innowisefourthproject.pool.ConnectionPool - Connection number 6 was created
2026-06-06 19:26:47 [main] INFO  com.example.innowisefourthproject.pool.ConnectionPool - Connection number 7 was created
2026-06-06 19:26:47 [main] INFO  com.example.innowisefourthproject.pool.ConnectionPool - Connection number 8 was created
2026-06-06 19:26:47 [main] INFO  com.example.innowisefourthproject.pool.ConnectionPool - Connection number 9 was created
2026-06-06 19:26:48 [main] INFO  com.example.innowisefourthproject.pool.ConnectionPool - Connection number 10 was created
2026-06-06 19:26:48 [main] INFO  com.example.innowisefourthproject.pool.ConnectionPool - Connection pool was initialized. Pool size: 10
2026-06-06 19:26:48 [main] ERROR com.example.innowisefourthproject.service.impl.ItemServiceImpl - Error adding item
2026-06-06 19:26:48 [main] ERROR com.example.innowisefourthproject.service.impl.ItemServiceImpl - Error of findById item
2026-06-06 19:26:48 [main] ERROR com.example.innowisefourthproject.service.impl.ItemServiceImpl - Error of update item by id
2026-06-06 19:26:48 [main] ERROR com.example.innowisefourthproject.service.impl.ItemServiceImpl - Error of finding all items
2026-06-06 19:26:48 [main] ERROR com.example.innowisefourthproject.service.impl.ItemServiceImpl - Error of delete item by id
2026-06-06 19:27:24 [main] INFO  com.example.innowisefourthproject.pool.ConnectionPool - Connection number 1 was created
2026-06-06 19:27:24 [main] INFO  com.example.innowisefourthproject.pool.ConnectionPool - Connection number 2 was created
2026-06-06 19:27:24 [main] INFO  com.example.innowisefourthproject.pool.ConnectionPool - Connection number 3 was created
2026-06-06 19:27:24 [main] INFO  com.example.innowisefourthproject.pool.ConnectionPool - Connection number 4 was created
2026-06-06 19:27:24 [main] INFO  com.example.innowisefourthproject.pool.ConnectionPool - Connection number 5 was created
2026-06-06 19:27:24 [main] INFO  com.example.innowisefourthproject.pool.ConnectionPool - Connection number 6 was created
2026-06-06 19:27:24 [main] INFO  com.example.innowisefourthproject.pool.ConnectionPool - Connection number 7 was created
2026-06-06 19:27:24 [main] INFO  com.example.innowisefourthproject.pool.ConnectionPool - Connection number 8 was created
2026-06-06 19:27:24 [main] INFO  com.example.innowisefourthproject.pool.ConnectionPool - Connection number 9 was created
2026-06-06 19:27:24 [main] INFO  com.example.innowisefourthproject.pool.ConnectionPool - Connection number 10 was created
2026-06-06 19:27:24 [main] INFO  com.example.innowisefourthproject.pool.ConnectionPool - Connection pool was initialized. Pool size: 10
2026-06-06 19:27:24 [main] ERROR com.example.innowisefourthproject.service.impl.ItemServiceImpl - Error adding item
2026-06-06 19:27:24 [main] ERROR com.example.innowisefourthproject.service.impl.ItemServiceImpl - Error of findById item
2026-06-06 19:27:24 [main] ERROR com.example.innowisefourthproject.service.impl.ItemServiceImpl - Error of update item by id
2026-06-06 19:27:24 [main] ERROR com.example.innowisefourthproject.service.impl.ItemServiceImpl - Error of finding all items
2026-06-06 19:27:24 [main] ERROR com.example.innowisefourthproject.service.impl.ItemServiceImpl - Error of delete item by id
